"Indicator","Category","Units","2009-01","2009-02","2009-03","2009-04","2009-05","2009-06","2009-07","2009-08","2009-09","2009-10","2009-11","2009-12","2010-01","2010-02","2010-03","2010-04","2010-05","2010-06","2010-07","2010-08","2010-09","2010-10","2010-11","2010-12","2011-01","2011-02","2011-03","2011-04","2011-05","2011-06","2011-07","2011-08","2011-09","2011-10","2011-11","2011-12","2012-01","2012-02","2012-03","2012-04","2012-05","2012-06","2012-07","2012-08","2012-09","2012-10","2012-11","2012-12","2013-01","2013-02","2013-03","2013-04","2013-05","2013-06","2013-07","2013-08","2013-09","2013-10","2013-11","2013-12","2014-01","2014-02","2014-03","2014-04","2014-05","2014-06","2014-07","2014-08","2014-09","2014-10","2014-11","2014-12","2015-01","2015-02","2015-03","2015-04","2015-05","2015-06","2015-07","2015-08","2015-09","2015-10","2015-11","2015-12","2016-01","2016-02","2016-03","2016-04","2016-05","2016-06","2016-07","2016-08","2016-09","2016-10","2016-11","2016-12","2017-01","2017-02","2017-03","2017-04","2017-05","2017-06","2017-07","2017-08","2017-09","2017-10","2017-11","2017-12","2018-01","2018-02","2018-03","2018-04","2018-05","2018-06","2018-07","2018-08","2018-09","2018-10","2018-11","2018-12","2019-01","2019-02","2019-03","2019-04","2019-05","2019-06","2019-07","2019-08","2019-09","2019-10","2019-11","2019-12","2020-01","2020-02","2020-03","2020-04","2020-05","2020-06","2020-07","2020-08","2020-09","2020-10","2020-11","2020-12","2021-01","2021-02","2021-03","2021-04","2021-05","2021-06","2021-07","2021-08","2021-09","2021-10","2021-11","2021-12","2022-01","2022-02","2022-03","2022-04","2022-05","2022-06","2022-07","2022-08","2022-09","2022-10","2022-11","2022-12","2023-01","2023-02","2023-03","2023-04","2023-05","2023-06","2023-07","2023-08","2023-09","2023-10","2023-11","2023-12","2024-01","2024-02","2024-03","2024-04","2024-05","2024-06","2024-07","2024-08","2024-09","2024-10","2024-11","2024-12","2025-01","2025-02","2025-03","2025-04","2025-05","2025-06","2025-07","2025-08","2025-09","2025-10","2025-11","2025-12","2026-01","2026-02","2026-03","2026-04"
"Occupancy","Statewide- All","percent","63.1","72.3","65.2","62.8","61.0","61.8","68.8","69.4","63.6","66.4","61.1","62.9","66.4","75.6","70.4","65.3","65.3","71.4","79.4","75.7","70.6","70.9","67.6","69.9","74.1","81.4","74.7","68.6","66.6","70.5","76.1","77.3","74.5","72.4","70.6","72.8","79.0","83.2","78.9","72.3","72.8","76.3","81.8","81.2","73.7","74.4","74.0","75.0","81.0","85.7","79.5","74.7","72.1","75.8","79.1","80.6","73.7","72.9","71.3","72.6","79.5","84.8","78.6","72.6","72.8","76.5","81.2","78.8","76.0","76.7","73.0","74.5","77.3","82.8","79.9","74.8","76.4","81.8","81.2","80.5","76.4","78.2","76.1","78.9","80.3","83.4","78.9","76.8","75.8","80.0","82.6","80.4","78.5","78.5","75.5","78.9","81.3","83.7","79.0","77.7","78.0","82.5","84.8","81.1","78.4","78.8","78.4","78.7","81.7","85.6","81.7","80.5","79.5","82.0","83.8","78.3","76.9","76.4","75.8","75.8","79.5","83.4","79.6","78.4","79.2","84.1","85.2","84.3","78.2","79.1","78.8","80.2","84.1","84.7","44.5","8.9","14.2","15.6","20.9","21.7","19.6","19.7","22.1","23.8","23.3","30.5","43.1","50.8","61.5","77.0","82.4","73.4","55.2","54.9","59.7","72.7","65.4","72.1","75.2","76.2","73.9","75.8","81.5","77.1","73.5","72.0","70.5","71.3","73.0","76.3","76.5","73.9","72.8","76.7","77.4","74.2","75.5","74.5","72.9","72.2","75.4","79.8","74.6","72.3","71.2","75.5","78.4","73.6","68.9","70.4","69.2","71.3","73.9","79.3","74.9","73.0","71.4","74.3","77.1","74.1","69.7","72.8","70.2","76.1","75.9","78.8","74.5","73.6"
"Occupancy","Oahu- All","percent","68.2","77.1","69.6","70.1","69.1","67.0","77.3","77.5","74.2","75.6","71.6","71.6","72.3","80.5","75.8","69.6","73.5","78.7","89.6","83.7","81.5","78.3","75.2","79.7","81.0","86.5","79.0","73.9","75.8","78.5","83.3","86.8","84.0","81.2","77.8","81.2","86.9","87.7","83.9","77.5","82.5","85.2","91.6","90.0","84.5","82.0","81.4","82.7","86.1","89.8","83.3","81.0","80.6","84.4","87.5","89.4","84.1","80.7","79.1","79.4","84.4","89.6","83.4","77.7","80.5","86.5","90.4","88.3","86.1","84.3","79.8","81.2","80.8","86.4","83.4","79.3","84.2","89.5","87.8","88.1","86.2","86.7","83.8","87.0","83.9","86.6","81.9","81.5","82.5","85.7","88.4","86.7","85.8","84.1","80.9","82.8","82.9","85.7","79.7","80.0","81.1","87.4","89.2","86.1","83.9","82.1","82.0","81.7","83.1","87.4","82.7","82.6","83.3","87.7","87.9","84.8","84.2","81.4","79.4","81.4","82.6","86.4","80.4","79.9","82.8","87.9","87.9","88.8","84.1","82.6","82.0","82.8","88.0","86.0","42.9","8.0","13.1","15.4","23.3","26.8","21.3","22.0","22.6","23.6","23.6","29.3","40.4","47.0","59.3","75.4","82.0","73.0","51.8","48.9","53.4","75.0","65.5","71.2","74.0","76.7","75.6","77.1","86.3","81.6","76.7","73.2","71.9","74.4","74.4","78.9","79.3","78.5","78.3","82.9","84.6","84.4","82.2","79.0","76.6","75.5","79.0","84.0","78.7","76.5","78.4","85.2","88.3","83.1","76.9","77.5","73.7","77.1","77.8","82.3","77.5","77.9","76.6","79.7","83.5","80.8","75.1","77.3","72.9","82.0","77.9","78.9","77.2","76.7"
"Occupancy","Maui CTY- All","percent","59.8","70.1","62.7","56.2","53.8","59.0","61.5","63.5","53.3","56.1","53.7","57.6","66.9","77.7","72.2","66.7","60.6","65.7","73.1","73.4","63.8","67.1","65.5","65.0","72.9","83.4","78.7","69.8","61.3","66.4","72.1","71.1","66.1","66.4","68.4","67.2","77.5","83.7","79.3","72.4","64.1","67.4","74.3","75.0","64.9","68.9","70.3","72.0","78.6","82.3","79.5","74.2","66.2","69.6","73.6","73.3","63.5","65.7","66.4","68.6","75.7","81.0","77.8","71.2","67.3","68.2","73.2","71.1","69.0","70.7","70.7","72.4","76.6","80.0","79.4","73.5","71.2","76.7","75.7","73.9","68.3","71.9","72.4","72.4","76.8","79.9","80.1","77.2","72.3","75.9","76.3","74.9","72.8","74.2","73.5","75.3","78.2","79.8","80.0","78.7","75.6","77.7","80.3","76.1","73.5","74.8","75.1","75.0","79.5","82.7","79.6","79.0","75.9","77.3","81.2","72.0","71.4","70.9","73.6","69.8","75.3","80.3","79.8","78.7","76.8","80.9","82.2","78.6","72.7","76.3","74.9","76.8","77.2","81.5","47.4","11.0","12.6","7.2","12.1","8.6","16.5","14.2","20.2","26.0","21.9","31.7","49.0","62.1","67.1","79.2","81.7","73.6","59.2","60.3","65.4","68.0","61.2","69.0","73.5","72.6","67.3","70.1","70.9","67.9","65.4","65.1","65.2","63.7","67.6","71.0","70.5","65.4","63.3","67.2","67.4","52.2","62.7","66.5","68.6","68.7","71.4","74.2","69.1","66.3","58.3","57.5","60.5","55.1","52.6","54.9","58.9","60.3","62.1","71.4","67.7","62.7","59.0","63.5","66.7","62.0","59.3","65.6","66.3","67.6","71.2","78.0","68.0","68.6"
"Occupancy","Hawaii ISL- All","percent","55.2","62.7","56.9","54.3","48.6","51.3","56.3","56.3","49.6","55.3","45.6","50.4","52.9","62.2","57.5","54.6","48.0","56.8","62.3","60.4","51.9","57.7","54.8","55.3","62.0","69.6","60.9","53.4","49.4","53.7","61.8","58.3","57.5","54.9","56.0","61.4","63.6","71.6","66.7","57.1","55.7","61.9","64.1","65.6","54.2","61.4","61.0","61.4","71.8","78.3","69.6","55.9","52.5","57.6","59.8","62.8","53.3","57.2","54.4","59.7","70.2","76.6","65.8","57.8","53.5","56.7","64.0","60.8","60.8","53.8","57.0","58.5","67.1","75.4","71.2","63.2","61.3","67.1","69.8","68.1","58.5","62.3","59.9","65.0","74.1","78.3","70.3","64.0","61.1","68.7","72.5","68.2","63.2","68.0","62.3","73.1","80.9","83.4","76.6","69.0","70.8","74.6","78.8","73.2","67.6","73.5","73.8","75.9","80.6","85.9","81.7","76.4","70.6","68.6","74.2","66.8","58.7","66.1","67.2","67.9","76.8","81.8","79.2","74.6","71.7","78.7","83.6","80.9","67.5","74.1","75.7","79.5","82.0","84.4","46.1","12.4","19.3","26.9","24.7","26.1","20.9","19.8","20.4","26.8","26.9","35.3","49.6","53.7","62.7","79.0","85.3","73.2","56.0","64.3","70.3","73.5","71.6","77.9","80.3","76.7","74.9","75.7","78.3","73.4","72.0","75.1","71.4","71.8","76.0","76.8","76.5","69.6","66.9","69.7","68.4","69.3","66.4","68.5","67.6","67.7","69.9","73.2","67.7","65.3","63.7","67.0","67.6","66.8","62.0","65.7","68.0","68.7","77.4","80.4","75.8","68.0","69.9","69.2","68.3","66.8","61.6","63.9","65.0","70.1","76.0","79.8","73.2","67.5"
"Occupancy","Kauai- All","percent","56.5","67.3","61.5","54.1","55.5","57.1","62.5","61.6","55.0","60.2","47.0","48.0","54.5","63.7","56.1","54.4","61.3","70.0","67.9","62.2","58.6","61.3","50.8","50.9","57.9","66.4","62.3","59.6","57.4","64.0","70.5","71.8","71.7","67.5","59.2","58.6","62.3","75.2","69.4","67.1","69.5","73.9","75.3","73.7","68.6","67.8","62.8","60.2","69.0","81.8","71.3","66.5","67.0","67.0","72.7","74.1","68.6","68.9","63.0","61.0","74.4","78.2","71.0","68.6","70.7","68.3","73.5","69.2","67.8","71.1","62.5","64.0","74.7","81.2","73.7","69.2","68.1","72.8","74.9","72.1","65.8","68.4","65.0","68.3","77.9","82.2","71.6","67.3","67.3","72.5","78.7","74.5","70.6","71.0","66.8","71.9","79.8","81.9","76.0","73.0","75.2","76.4","77.8","74.8","72.6","76.2","71.6","73.7","80.5","82.2","80.7","76.9","78.1","77.4","78.8","70.7","71.4","73.6","70.0","67.6","74.9","75.1","74.4","72.3","71.9","75.7","77.5","74.4","68.6","69.9","72.2","72.5","79.1","84.6","45.7","7.0","14.9","19.6","21.6","16.8","15.1","21.3","28.0","13.4","18.4","26.4","30.9","36.9","57.7","78.4","83.0","76.7","66.1","67.9","71.6","69.4","67.1","78.3","80.1","82.6","79.8","83.4","85.2","79.2","77.9","78.7","75.1","72.1","74.8","73.9","75.8","75.3","74.2","74.8","73.5","80.4","80.9","76.4","68.8","67.3","71.4","78.0","73.3","72.0","70.9","75.3","79.0","73.7","72.6","74.0","69.7","68.6","77.1","79.9","76.7","76.8","74.5","76.4","77.4","75.3","74.7","76.0","70.4","70.2","75.4","78.9","76.6","75.4"
"Occupancy","Statewide- Luxury","percent","","","","","","","","","","","","","","","","","","","","","","","","","","","","","","","","","","","","","","","","","","","","","","","","","","","","","","","","","","","","","","","","","","","","","","","","","","","","","","","","","","","","","","","74.6","74.1","68.2","74.0","76.4","74.7","71.3","72.6","72.0","73.3","77.8","78.7","75.3","74.5","72.0","77.0","80.0","77.7","70.4","73.6","74.9","73.3","77.6","81.3","79.1","76.4","74.0","74.5","78.4","72.4","68.3","72.1","72.9","69.3","73.4","77.9","75.9","77.0","75.1","80.9","83.9","81.9","72.1","74.2","72.8","73.3","76.6","79.3","38.3","","5.2","7.9","10.2","2.3","5.6","18.5","17.6","19.5","17.1","25.8","38.2","46.5","53.3","70.2","72.4","64.7","46.4","47.1","57.5","59.3","51.4","58.6","60.5","64.5","60.8","61.8","63.1","59.1","55.4","55.1","58.4","57.1","61.4","60.7","60.1","60.2","58.5","62.0","63.8","57.8","56.4","58.6","58.0","55.6","61.7","63.3","61.5","63.0","56.3","60.7","63.9","60.0","54.5","57.2","61.3","61.3","65.7","70.4","72.1","72.0","65.4","68.4","68.8","67.1","57.5","63.7","64.1","65.2","71.8","72.5","69.3","71.1"
"Occupancy","Waikiki","percent","","","","","","","","","","","","","","","","","","","","","","","","","","","","","","","","","","","","","","","","","","","","","","","","","","","","","","","","","","","","","","","","","","","","","","","","","","","","","","","","","","","","","","","83.0","82.6","84.7","87.0","89.3","87.5","86.9","85.7","82.7","83.9","84.4","86.6","80.0","80.6","81.9","88.2","89.8","86.6","85.6","83.6","83.2","82.6","84.0","88.0","83.5","83.1","83.9","88.2","87.9","84.9","84.9","81.7","79.6","81.6","83.1","86.6","80.4","80.0","83.4","88.2","87.7","89.1","84.9","83.0","83.1","83.2","87.8","86.0","41.7","5.4","9.2","12.4","20.0","23.4","18.7","19.5","20.8","22.3","21.9","27.6","39.4","46.4","59.4","76.2","82.9","73.5","52.0","48.5","53.1","74.9","65.0","71.2","75.0","77.7","75.9","77.3","87.0","82.3","77.3","73.3","71.8","74.8","74.2","79.2","79.4","78.7","78.3","83.4","85.5","85.4","83.0","79.4","77.3","76.2","79.1","84.9","79.3","76.7","78.7","85.9","89.0","83.9","78.3","78.1","73.5","77.6","78.3","82.7","77.8","78.4","77.1","80.7","84.8","82.4","76.5","78.5","73.4","82.4","77.8","78.6","77.4","76.9"
"Occupancy","Wailea","percent","","","","","","","","","","","","","","","","","","","","","","","","","","","","","","","","","","","","","","","","","","","","","","","","","","","","","","","","","","","","","","","","","","","","","","","","","","","","","","","","","","","","","","","88.6","85.2","78.1","78.6","79.3","79.0","74.7","77.1","79.6","80.2","85.1","88.0","87.3","87.1","84.0","85.2","87.8","88.7","78.9","78.2","83.8","81.8","86.3","90.8","88.8","89.4","86.1","89.6","90.6","83.3","84.8","84.2","86.4","81.8","84.0","87.8","90.6","91.3","86.8","91.1","91.7","89.2","82.4","85.7","82.8","85.4","85.2","89.0","46.4","","","","","","","","24.9","26.1","18.9","31.5","45.2","54.4","61.2","75.3","79.4","70.3","53.7","54.5","63.6","63.6","57.9","67.9","66.6","64.2","61.6","64.1","63.3","59.6","53.5","53.9","58.6","54.6","58.4","65.5","61.7","61.2","59.5","66.5","64.2","56.5","50.6","62.6","56.1","55.5","68.8","71.2","67.1","76.2","61.0","61.6","69.0","63.5","56.7","59.5","67.7","69.6","70.6","80.6","77.3","74.2","72.0","74.4","76.0","69.9","60.5","74.0","73.7","72.4","78.0","85.1","76.9","77.2"
"Occupancy","Kohala Coast","percent","","","","","","","","","","","","","","","","","","","","","","","","","","","","","","","","","","","","","","","","","","","","","","","","","","","","","","","","","","","","","","","","","","","","","","","","","","","","","","","","","","","","","","","70.8","68.4","64.0","72.3","75.2","69.4","62.8","67.9","63.6","75.5","83.3","84.7","74.7","68.9","70.0","74.4","78.0","72.6","61.6","69.6","69.6","71.7","79.4","87.8","81.2","72.2","63.8","63.9","73.3","63.1","51.3","63.6","68.3","67.5","76.3","81.8","80.0","76.5","71.3","79.8","86.3","84.3","65.2","73.1","77.8","79.1","80.2","83.2","44.4","","","","","","","3.8","14.7","26.8","24.6","34.6","55.1","64.4","66.1","81.2","84.3","73.5","51.6","62.2","68.7","69.9","67.9","75.6","78.5","74.7","71.0","71.0","73.6","69.9","67.6","67.2","68.5","64.8","76.3","75.6","77.6","75.1","70.2","72.8","75.3","75.3","70.2","73.8","75.6","70.7","74.4","79.4","74.9","75.5","68.2","74.7","74.7","70.4","62.4","66.3","71.2","69.6","79.3","80.9","76.6","71.0","73.3","72.1","71.9","66.0","56.4","60.9","62.6","70.1","78.9","80.6","73.2","67.7"
"Occupancy","Statewide- Upper Upscale","percent","","","","","","","","","","","","","","","","","","","","","","","","","","","","","","","","","","","","","","","","","","","","","","","","","","","","","","","","","","","","","","","","","","","","","","","","","","","","","","","","","","","","","","","84.8","83.1","81.7","87.4","89.2","87.5","84.6","85.2","82.4","84.7","87.8","89.6","83.7","83.5","83.2","87.5","89.6","87.3","84.6","85.1","83.6","83.3","85.7","89.6","86.2","85.7","83.8","87.5","89.2","82.2","81.0","80.2","78.6","79.3","82.4","85.4","81.9","80.1","80.2","86.6","87.7","87.2","79.9","79.4","79.8","81.5","84.9","86.1","42.4","4.6","10.6","15.4","20.6","20.0","15.9","15.8","19.6","19.9","18.3","25.8","38.5","47.5","59.3","78.3","85.2","75.0","55.1","53.2","57.2","75.1","65.8","73.8","78.3","79.8","77.6","79.6","85.7","81.1","77.2","75.2","73.5","73.9","75.0","78.9","80.6","78.4","77.0","81.3","82.7","78.5","80.7","78.7","77.6","75.2","77.5","82.8","78.5","74.1","75.2","82.2","85.0","78.9","73.4","73.5","71.2","74.5","75.3","81.1","76.7","74.3","73.7","78.9","81.9","76.7","73.3","75.8","73.2","79.3","77.8","81.9","78.0","76.8"
"Occupancy","Other Oahu","percent","","","","","","","","","","","","","","","","","","","","","","","","","","","","","","","","","","","","","","","","","","","","","","","","","","","","","","","","","","","","","","","","","","","","","","","","","","","","","","","","","","","","","","","72.5","72.5","67.8","76.2","81.3","79.4","77.5","72.8","68.2","74.6","74.3","79.6","75.1","74.0","73.1","80.3","82.0","80.2","74.6","71.3","75.6","76.6","77.7","83.3","78.1","79.6","79.5","85.0","87.7","84.1","80.6","79.5","78.6","80.1","79.5","85.6","80.4","79.5","79.2","86.4","89.0","87.6","79.5","80.1","75.9","80.5","89.6","86.1","49.8","21.1","29.8","30.5","39.5","44.9","35.2","35.5","33.8","33.0","35.9","42.1","47.4","50.6","59.1","70.7","76.5","70.0","50.6","51.3","55.4","75.7","68.4","71.6","68.3","70.9","73.8","76.2","82.1","77.9","73.6","72.9","72.3","72.3","75.5","77.1","78.8","77.4","78.0","79.8","79.4","78.7","78.0","76.8","72.4","71.9","78.5","79.3","75.7","75.1","76.8","81.1","84.5","79.0","69.4","74.7","74.8","73.9","74.8","80.2","76.2","75.5","74.0","74.2","76.4","72.8","68.3","71.4","69.9","79.6","78.2","80.5","76.1","75.7"
"Occupancy","Lahaina/Kaanapali/Kapalua","percent","","","","","","","","","","","","","","","","","","","","","","","","","","","","","","","","","","","","","","","","","","","","","","","","","","","","","","","","","","","","","","","","","","","","","","","","","","","","","","","","","","","","","","","80.2","76.3","72.5","77.9","80.0","77.3","75.2","76.0","73.8","73.4","78.2","79.3","80.6","77.9","75.9","78.3","81.7","76.0","75.2","76.9","75.1","74.9","79.7","80.7","79.6","77.4","74.0","77.2","82.1","71.7","71.0","69.6","70.9","67.2","74.0","79.0","79.2","76.8","75.3","81.5","82.2","76.9","69.6","73.8","72.0","75.2","76.3","81.1","47.8","4.6","5.8","2.9","4.3","3.5","9.7","6.0","14.8","21.9","18.7","28.7","47.4","62.9","68.4","81.7","83.8","76.3","62.0","62.0","66.1","69.7","61.3","68.3","75.8","75.4","69.9","72.9","72.9","71.0","68.5","68.7","67.0","66.5","71.7","73.5","74.0","67.2","65.4","69.3","70.3","45.4","66.2","66.1","73.3","73.0","73.5","76.8","71.1","62.9","58.1","55.9","57.9","50.5","49.8","52.5","56.2","58.7","59.7","69.1","65.3","60.0","55.4","62.6","66.2","61.2","61.1","65.3","65.9","67.2","69.7","76.3","64.8","67.3"
"Occupancy","Statewide- Upscale","percent","","","","","","","","","","","","","","","","","","","","","","","","","","","","","","","","","","","","","","","","","","","","","","","","","","","","","","","","","","","","","","","","","","","","","","","","","","","","","","","","","","","","","","","73.1","69.4","70.5","73.5","77.3","75.3","74.1","74.0","70.7","75.4","75.7","78.4","75.3","72.0","72.8","78.1","80.4","74.8","73.0","72.5","73.2","74.4","76.9","81.4","76.6","75.3","74.9","77.0","78.8","74.8","73.3","72.7","72.5","72.6","75.3","79.8","75.9","73.8","75.2","80.0","80.3","77.9","73.8","80.1","78.4","80.8","84.6","84.5","48.1","7.6","9.5","12.8","18.2","19.9","16.4","17.4","23.5","28.8","28.0","35.2","49.4","56.0","65.7","80.4","85.0","77.7","61.2","61.8","67.0","76.2","70.0","76.0","79.0","79.0","75.8","79.6","84.3","80.4","76.6","76.6","74.5","76.3","75.9","79.5","79.9","76.3","75.9","79.8","79.2","76.7","79.3","79.6","77.1","76.6","81.2","85.3","79.1","76.6","74.1","74.7","77.3","73.5","70.4","73.1","70.4","71.6","76.5","80.7","73.2","70.3","68.4","68.3","72.1","72.9","69.5","72.5","68.7","76.3","75.9","78.4","71.9","70.0"
"Occupancy","Oahu- Luxury","percent","","","","","","","","","","","","","","","","","","","","","","","","","","","","","","","","","","","","","","","","","","","","","","","","","","","","","","","","","","","","","","","","","","","","","","","","","","","","","","","","","","","","","","","71.4","70.1","64.4","74.7","73.6","74.6","72.8","71.4","68.1","71.9","72.9","72.5","65.6","66.8","64.0","75.1","78.1","78.4","73.2","72.7","72.8","70.6","70.4","73.4","70.7","68.1","66.7","72.7","76.0","75.0","70.9","71.0","69.3","69.9","68.6","73.1","69.3","68.9","67.7","79.6","82.4","83.6","74.2","72.9","73.3","75.4","79.8","76.7","33.7","","","","","","","","10.2","14.1","12.9","18.8","28.0","37.0","43.8","64.0","64.6","57.5","36.7","32.4","44.2","53.7","39.4","44.9","50.3","63.2","56.2","58.8","64.8","60.3","57.4","55.7","57.2","60.3","61.8","59.2","60.2","61.7","61.1","61.7","66.2","69.4","66.8","64.3","62.8","61.7","60.1","61.6","58.8","56.7","54.0","62.1","67.8","62.8","54.4","56.3","59.2","61.2","60.8","63.2","71.5","72.7","59.1","59.5","63.2","60.9","52.8","54.3","57.2","61.0","70.7","67.5","68.6","69.6"
"Occupancy","Other Maui CTY","percent","","","","","","","","","","","","","","","","","","","","","","","","","","","","","","","","","","","","","","","","","","","","","","","","","","","","","","","","","","","","","","","","","","","","","","","","","","","","","","","","","","","","","","","80.2","78.4","72.5","73.6","72.0","72.2","70.4","72.6","74.1","76.2","78.3","80.4","79.1","79.5","75.3","77.3","78.4","76.3","71.7","72.4","75.3","75.3","79.2","85.2","79.5","81.1","78.3","77.5","80.0","72.4","71.9","72.5","77.1","73.2","77.0","82.0","80.6","81.2","78.8","80.0","82.3","80.9","76.7","79.3","78.5","78.7","78.3","82.0","46.8","18.5","22.8","12.6","21.8","14.7","25.0","26.1","26.6","30.9","25.7","35.3","50.9","61.3","65.6","76.4","79.2","70.4","56.0","58.4","64.6","66.0","61.1","69.8","70.8","69.3","64.3","66.8","68.6","64.3","61.6","61.0","63.0","60.3","62.9","68.1","66.4","63.2","60.9","64.7","63.9","60.4","58.8","66.9","63.1","63.6","68.9","71.2","66.7","70.3","58.7","59.4","63.4","60.3","55.9","57.6","62.0","62.0","64.8","74.1","70.5","65.7","63.0","64.6","67.2","62.8","57.3","65.9","66.8","68.0","73.0","79.8","71.5","69.9"
"Occupancy","Statewide- Upper Midscale","percent","","","","","","","","","","","","","","","","","","","","","","","","","","","","","","","","","","","","","","","","","","","","","","","","","","","","","","","","","","","","","","","","","","","","","","","","","","","","","","","","","","","","","","","79.4","77.9","79.4","81.2","84.5","80.6","81.1","79.1","74.2","77.9","79.6","82.8","78.7","77.9","80.1","84.8","86.3","81.9","82.6","80.2","78.8","79.5","83.0","86.9","80.4","79.0","80.6","83.2","84.4","81.0","81.4","77.8","76.5","78.1","83.0","88.8","81.5","81.3","85.5","88.0","87.3","89.5","85.5","81.5","81.4","82.3","87.8","85.3","46.7","13.4","19.2","18.6","26.8","28.4","25.5","25.8","28.2","28.9","31.8","36.4","48.1","52.8","66.5","75.5","79.8","71.9","53.6","53.2","54.2","75.3","67.4","72.6","73.9","73.2","72.0","72.3","83.0","78.2","75.1","71.1","67.1","70.1","74.2","79.0","77.0","70.4","68.7","72.2","70.9","71.1","71.7","72.4","69.9","76.7","75.7","79.6","70.7","68.8","66.8","69.1","71.9","69.6","66.0","69.8","66.3","68.3","70.8","77.9","74.8","72.6","68.4","69.1","72.3","70.7","66.7","70.8","65.8","72.4","74.2","77.4","72.5","70.7"
"Occupancy","Oahu- Upper Upscale","percent","","","","","","","","","","","","","","","","","","","","","","","","","","","","","","","","","","","","","","","","","","","","","","","","","","","","","","","","","","","","","","","","","","","","","","","","","","","","","","","","","","","","","","","86.9","86.6","86.7","91.9","93.4","92.5","91.2","90.2","88.5","87.6","88.7","90.6","84.8","86.6","86.4","91.8","93.5","92.5","90.6","89.3","88.3","86.4","86.9","91.1","87.9","89.0","88.7","93.0","92.4","87.9","88.3","85.2","82.3","84.3","85.0","87.0","82.0","81.4","84.0","88.9","88.7","89.9","85.3","83.0","82.9","82.8","86.8","85.4","38.7","3.8","8.4","13.4","19.9","23.6","17.0","16.1","17.8","17.2","15.6","21.1","32.3","40.6","54.1","76.1","84.5","74.4","51.3","47.1","51.9","77.2","66.3","73.2","76.8","79.6","78.1","79.4","88.2","83.3","78.9","74.6","74.3","76.1","75.0","79.8","82.1","81.8","80.8","85.5","88.4","87.6","85.3","82.4","80.6","78.1","80.1","85.1","81.6","78.4","81.1","89.9","92.6","87.5","80.1","79.4","74.9","78.2","79.0","84.1","78.7","78.2","77.8","83.9","87.7","84.0","78.9","81.8","77.8","85.0","78.8","81.7","80.8","79.9"
"Occupancy","Maui CTY- Luxury","percent","","","","","","","","","","","","","","","","","","","","","","","","","","","","","","","","","","","","","","","","","","","","","","","","","","","","","","","","","","","","","","","","","","","","","","","","","","","","","","","","","","","","","","","76.5","76.8","72.5","75.5","76.6","76.9","71.5","72.9","74.9","74.3","78.4","80.5","80.4","79.0","75.6","77.3","79.2","74.4","66.4","69.3","74.2","72.8","78.6","81.6","81.5","80.8","78.8","80.3","83.5","74.4","72.9","74.4","76.3","71.6","75.8","81.0","82.5","85.0","81.7","85.1","88.0","84.4","77.7","79.8","75.1","74.2","75.3","80.7","42.4","","","","","3.8","","18.0","20.9","24.2","19.4","29.1","42.6","52.3","56.7","69.4","72.6","63.7","47.2","49.2","57.7","56.4","51.6","59.9","60.2","59.8","57.5","57.3","54.4","52.3","46.3","48.6","52.7","52.3","53.7","57.9","54.8","54.3","53.2","59.0","59.7","39.7","40.8","49.9","48.8","47.5","60.0","59.2","57.9","63.8","51.8","52.7","57.7","53.1","49.3","52.7","61.8","60.4","62.8","71.9","71.0","68.5","66.2","71.9","71.3","66.8","55.9","68.0","67.0","66.4","71.2","77.7","67.5","71.9"
"Occupancy","Statewide- Midscale & Economy","percent","","","","","","","","","","","","","","","","","","","","","","","","","","","","","","","","","","","","","","","","","","","","","","","","","","","","","","","","","","","","","","","","","","","","","","","","","","","","","","","","","","","","","","","76.2","74.1","74.5","76.5","79.2","76.8","74.8","73.9","69.0","73.1","77.5","83.3","75.5","72.7","75.1","78.4","79.9","76.2","76.5","76.4","79.1","80.8","84.6","86.3","82.4","82.2","81.8","82.5","81.5","76.3","76.6","72.7","75.1","76.0","82.3","85.3","82.0","79.3","81.4","81.8","84.3","82.5","79.8","79.7","81.6","81.5","87.6","87.2","53.8","22.3","31.6","","29.1","32.7","36.3","30.9","29.0","29.6","31.3","37.9","48.2","56.8","68.3","75.2","82.5","71.6","56.4","61.3","63.6","72.7","77.0","80.5","80.2","77.7","78.0","78.2","86.4","81.8","80.0","78.3","73.4","75.0","74.8","81.1","77.3","73.9","75.5","77.5","78.3","80.3","77.6","72.3","69.9","72.7","76.0","83.3","73.0","74.0","75.4","77.2","80.0","76.4","71.5","73.1","72.1","75.2","78.4","83.1","77.4","76.5","77.2","74.9","79.4","77.8","74.2","74.7","70.9","80.3","78.4","82.0","78.1","76.1"
"Occupancy","Oahu- Upscale","percent","","","","","","","","","","","","","","","","","","","","","","","","","","","","","","","","","","","","","","","","","","","","","","","","","","","","","","","","","","","","","","","","","","","","","","","","","","","","","","","","","","","","","","","77.7","76.1","80.5","79.8","86.0","83.6","82.3","80.6","77.1","81.5","79.5","82.3","75.7","73.7","75.7","83.5","84.5","78.6","76.1","73.0","74.8","76.5","79.0","84.6","77.5","77.0","79.2","83.5","83.9","82.6","80.8","79.5","78.9","80.7","80.9","86.0","78.8","78.1","82.3","88.2","87.7","86.0","82.1","87.4","84.4","86.8","92.9","91.2","48.7","9.8","13.6","16.1","26.0","29.8","23.1","23.3","27.5","33.8","32.9","39.9","53.1","57.7","67.8","80.1","86.4","79.9","59.9","59.2","64.0","80.8","74.5","79.3","81.6","81.5","80.7","84.6","91.7","88.1","81.9","80.1","78.2","80.5","80.2","83.3","83.2","80.9","82.3","88.1","86.9","86.8","85.3","83.9","79.4","74.8","85.6","90.7","85.7","84.4","84.8","88.0","90.7","84.4","81.0","83.6","78.3","81.9","82.2","85.4","78.9","80.3","78.4","78.7","80.1","79.8","73.0","75.9","68.5","82.9","81.9","81.7","75.2","75.7"
"Occupancy","Maui CTY- Upper Upscale & Upscale","percent","","","","","","","","","","","","","","","","","","","","","","","","","","","","","","","","","","","","","","","","","","","","","","","","","","","","","","","","","","","","","","","","","","","","","","","","","","","","","","","","","","","","","","","82.1","77.7","72.4","76.8","76.9","74.8","74.1","75.6","74.1","75.1","78.6","80.1","80.8","79.4","76.5","79.2","82.3","78.0","76.9","77.6","76.3","76.6","80.2","83.0","79.9","79.1","75.6","77.5","82.0","72.5","72.1","71.4","72.8","69.1","75.3","81.2","79.9","78.2","75.8","80.9","81.9","77.8","71.2","76.3","74.6","77.9","77.9","82.4","49.3","3.5","5.4","5.9","8.7","7.0","9.3","10.5","18.3","25.3","22.1","32.5","51.2","64.3","69.9","83.5","85.4","78.0","64.3","63.5","67.1","72.1","62.9","71.2","78.2","77.6","71.7","75.8","77.5","74.3","71.6","71.7","70.0","68.1","72.9","76.1","76.7","69.9","67.6","71.1","71.1","53.8","69.3","71.6","75.6","75.3","75.4","79.8","73.3","66.4","60.7","59.8","62.1","55.9","53.9","55.7","57.7","60.5","61.6","71.1","66.7","61.2","57.5","62.1","66.2","60.9","61.3","65.2","66.8","68.1","71.4","78.2","68.2","68.1"
"Occupancy","Oahu- Upper Midscale","percent","","","","","","","","","","","","","","","","","","","","","","","","","","","","","","","","","","","","","","","","","","","","","","","","","","","","","","","","","","","","","","","","","","","","","","","","","","","","","","","","","","","","","","","80.5","80.7","83.2","84.7","87.8","84.2","85.4","82.6","77.7","80.9","80.9","84.5","80.1","79.8","82.5","87.9","89.9","84.7","85.4","81.6","80.7","81.1","83.8","87.3","81.4","79.9","81.8","86.1","87.2","84.6","84.7","80.1","78.2","80.5","83.7","90.1","81.8","81.7","86.1","88.8","87.9","90.3","86.3","81.8","81.5","82.1","88.0","85.1","45.6","10.7","16.3","18.2","25.2","28.5","25.0","24.7","27.0","27.0","31.0","35.2","46.2","50.6","65.3","74.2","78.7","71.6","53.0","51.1","51.4","75.5","64.1","68.0","69.4","70.9","72.4","71.5","85.2","80.4","73.9","68.6","64.6","68.9","71.6","78.8","74.9","72.5","69.7","77.5","76.6","76.6","73.6","71.5","68.4","77.3","80.1","85.3","74.2","69.9","71.8","78.5","82.9","77.3","73.7","77.1","70.7","74.3","74.7","81.8","78.6","79.3","78.5","78.1","84.2","81.1","74.1","74.1","64.4","80.8","77.4","78.7","76.6","75.1"
"Occupancy","Oahu- Midscale & Economy","percent","","","","","","","","","","","","","","","","","","","","","","","","","","","","","","","","","","","","","","","","","","","","","","","","","","","","","","","","","","","","","","","","","","","","","","","","","","","","","","","","","","","","","","","77.0","79.4","80.4","82.7","85.4","82.2","81.5","78.1","72.0","76.4","78.1","87.6","75.9","76.1","80.1","84.7","85.8","81.7","81.3","78.6","84.9","87.0","89.7","92.4","87.4","87.2","88.4","92.4","89.7","85.9","85.5","80.6","80.2","83.0","86.1","91.7","84.9","84.1","86.4","88.8","90.6","90.4","87.3","85.5","85.2","87.0","93.5","91.0","58.9","25.1","26.6","","","45.8","35.3","39.1","35.6","37.8","38.8","44.6","53.0","59.6","70.5","71.0","79.4","65.0","46.7","48.6","51.6","70.6","75.5","77.9","75.7","73.0","78.0","76.6","89.8","84.6","79.5","78.1","72.2","75.3","74.9","84.3","78.5","77.2","80.9","82.9","84.2","83.6","82.0","72.4","70.5","74.1","78.2","86.5","74.8","77.2","80.9","82.8","85.6","81.7","76.0","77.4","74.9","78.8","81.0","85.1","80.0","81.4","81.4","78.1","83.8","82.5","78.5","77.9","72.5","83.8","80.4","82.8","80.4","79.3"
"Avg daily rate","Statewide- All","dollar","197.41","188.19","182.83","179.69","165.61","172.24","176.87","178.22","160.41","164.63","162.46","196.02","176.88","174.99","173.76","176.29","160.44","170.16","181.19","181.80","160.50","163.97","169.71","204.72","190.65","192.65","190.34","191.21","175.91","186.20","197.37","194.76","172.62","176.13","185.90","220.12","207.53","206.28","205.08","203.57","189.39","202.15","216.17","215.96","187.18","190.31","195.01","236.21","233.84","235.96","237.15","221.51","210.41","228.38","245.17","243.33","209.97","211.54","211.32","265.56","248.74","245.51","236.99","227.65","210.82","227.78","247.54","242.93","212.13","217.27","218.44","280.20","254.31","254.37","248.25","236.18","224.06","245.17","260.45","251.90","218.01","222.42","226.40","288.01","256.99","261.53","257.61","239.99","228.84","253.34","273.66","264.72","235.55","232.41","239.10","308.98","281.38","272.14","267.58","258.65","241.45","262.96","281.87","269.80","231.30","240.61","242.75","319.25","295.16","293.98","288.65","269.45","256.07","277.13","295.55","281.54","241.72","249.10","250.98","332.33","298.85","289.92","284.90","274.80","256.01","280.43","304.73","289.75","247.17","253.29","259.78","352.12","314.27","310.31","279.90","131.16","126.72","161.51","174.03","157.94","148.80","174.12","229.61","291.01","251.30","258.77","284.73","300.27","287.76","320.30","367.81","355.24","304.32","307.50","332.65","419.24","357.22","350.98","377.96","371.13","340.20","391.73","413.57","382.93","337.33","338.24","345.30","440.11","391.43","387.39","386.74","376.43","347.26","388.83","409.24","370.05","345.64","347.14","349.87","428.46","378.29","372.02","384.30","367.96","342.08","372.53","384.54","361.63","315.76","322.20","335.16","435.02","384.39","379.26","376.40","363.13","338.61","374.54","386.09","360.89","314.75","321.79","344.96","449.12","382.67","383.31","376.00","369.52"
"Avg daily rate","Oahu- All","dollar","162.66","155.14","148.14","147.85","145.77","145.69","149.57","149.94","145.46","150.04","144.82","157.30","148.95","142.61","143.48","144.80","142.45","145.86","155.89","154.33","148.60","148.81","151.82","168.74","163.93","159.45","156.32","162.33","158.62","160.67","168.50","169.03","159.21","162.83","173.57","182.81","181.77","173.36","174.19","173.81","175.20","181.12","195.32","197.00","179.43","180.29","182.11","205.95","210.16","210.11","205.84","198.52","196.77","209.54","221.80","224.21","203.69","201.70","197.89","229.61","222.43","215.23","205.78","199.74","194.92","208.34","228.86","227.97","206.05","207.38","203.40","238.26","221.54","215.57","207.53","201.83","204.90","225.83","237.23","231.62","211.42","214.08","212.73","246.41","225.98","223.08","211.96","207.00","210.46","229.61","250.31","243.73","227.81","218.24","218.32","256.95","245.51","230.82","222.51","220.91","216.29","236.99","253.77","244.77","217.36","222.42","219.24","261.07","239.42","234.44","229.97","228.33","224.83","243.07","260.18","253.96","223.20","227.73","218.91","271.24","242.70","236.87","229.50","229.08","224.67","242.76","261.30","255.19","226.51","227.62","228.79","286.48","253.69","243.56","218.43","141.62","136.34","163.83","170.01","157.24","152.47","157.71","167.49","184.02","168.32","169.26","183.84","192.77","195.94","227.22","258.65","244.73","212.16","210.96","225.32","282.48","241.64","236.39","243.95","258.51","246.19","284.03","308.42","286.48","259.81","254.25","259.13","319.96","280.49","266.12","272.77","272.04","264.43","291.48","306.26","291.56","270.23","270.93","271.11","320.63","284.19","283.39","284.06","274.70","271.87","296.24","310.46","296.36","257.83","261.67","261.37","322.53","291.73","282.00","278.64","279.78","268.05","289.67","306.59","289.09","259.47","261.15","272.12","331.07","287.11","278.85","274.19","270.32"
"Avg daily rate","Maui CTY- All","dollar","276.22","256.74","254.27","245.37","212.93","229.76","241.99","236.16","199.86","200.64","200.61","277.69","229.91","236.01","232.24","229.04","199.32","224.91","240.46","238.32","190.58","194.24","206.79","284.15","247.71","255.70","265.96","258.30","217.20","242.09","263.57","253.44","206.37","210.01","220.82","306.19","272.70","280.48","274.32","268.70","233.73","262.49","279.93","268.95","215.69","219.19","231.79","310.94","300.63","305.54","315.70","277.56","253.25","288.80","318.48","301.97","240.29","244.79","253.38","359.60","327.36","330.08","316.77","290.46","253.86","286.76","307.38","289.90","239.97","248.59","260.57","387.47","343.84","353.04","352.83","318.77","282.20","310.37","335.76","316.90","251.28","253.93","270.59","403.33","333.63","360.62","364.54","316.30","282.62","327.57","354.89","334.58","272.76","278.46","299.00","455.49","382.43","383.02","381.34","351.70","311.81","342.35","371.34","344.62","280.33","295.56","314.75","478.00","434.22","429.65","426.65","370.68","341.44","381.03","404.05","370.75","302.14","306.66","334.80","501.31","434.21","419.97","420.52","389.77","344.95","393.58","436.41","389.23","318.62","328.62","354.19","540.05","477.82","480.05","413.46","120.68","116.19","217.80","205.74","206.91","148.69","226.15","374.97","501.39","450.56","446.23","465.87","482.80","467.09","497.66","618.50","596.17","487.93","479.70","530.62","736.46","619.39","583.32","632.27","609.69","553.69","644.48","687.74","621.02","535.82","527.81","538.26","734.40","635.21","655.19","645.61","609.10","539.11","623.00","656.16","563.62","533.86","505.96","497.47","611.97","560.31","542.58","580.83","554.51","517.15","562.89","572.51","514.95","453.42","461.94","506.48","700.93","591.72","578.44","577.19","536.67","494.74","558.02","558.25","500.92","423.67","433.55","472.43","689.08","545.68","560.42","560.98","544.08"
"Avg daily rate","Hawaii ISL- All","dollar","201.48","193.02","189.25","197.07","165.36","174.00","178.62","194.98","159.56","162.27","176.55","227.21","188.06","188.58","182.41","199.89","165.45","175.51","183.67","191.93","156.54","171.43","176.51","223.31","195.63","207.53","173.62","172.74","172.61","182.35","193.62","194.00","161.25","165.29","174.53","229.08","197.05","205.11","198.70","201.04","172.68","184.22","190.91","199.44","163.29","178.15","184.04","230.01","227.02","232.09","234.57","221.98","195.40","211.74","225.66","235.07","187.08","199.58","202.56","271.01","235.12","238.81","239.63","240.30","209.84","220.83","233.47","234.49","212.02","189.43","218.96","287.36","245.19","256.15","243.06","233.52","204.76","221.47","236.44","235.47","191.73","205.92","210.89","288.50","257.74","251.55","251.53","240.98","213.91","230.65","240.21","246.96","208.20","216.82","237.59","298.31","266.21","265.49","260.32","255.97","223.16","239.68","246.82","250.57","205.99","228.89","228.32","306.81","287.37","305.98","289.81","260.77","235.42","239.04","246.73","245.62","207.77","236.38","238.36","315.86","298.30","284.69","272.14","264.21","235.08","249.78","266.22","280.90","221.97","239.20","244.89","330.38","318.32","308.83","274.16","107.06","115.97","139.25","163.87","129.53","130.43","140.44","217.37","329.37","268.48","276.44","317.09","326.23","303.72","355.61","375.10","384.57","306.86","331.18","354.02","489.13","394.15","403.18","419.60","429.16","371.16","411.24","418.69","408.65","334.80","361.44","372.32","478.98","426.90","431.57","429.81","429.95","369.89","410.39","442.29","435.85","373.15","399.14","426.10","559.99","455.18","450.41","474.91","442.43","362.38","423.77","436.19","431.01","348.18","374.31","387.71","538.32","458.04","459.08","452.35","439.43","387.50","431.82","446.31","444.30","353.83","375.58","431.04","595.72","496.54","482.48","485.14","483.45"
"Avg daily rate","Kauai- All","dollar","198.47","199.10","194.71","195.15","180.46","182.50","191.18","189.99","171.92","181.04","175.16","205.05","194.39","184.70","187.55","189.62","172.71","178.94","193.80","194.39","173.18","173.37","178.31","215.23","198.35","195.68","201.54","206.58","189.96","211.55","212.21","215.95","193.89","192.76","187.10","232.72","209.99","202.96","214.53","213.26","197.52","215.60","224.66","225.37","199.85","197.83","194.80","238.95","222.86","228.91","232.29","227.34","218.18","230.75","247.56","242.79","209.63","212.86","206.95","258.95","235.63","229.80","220.28","228.75","212.40","228.27","246.15","240.56","211.15","211.69","205.58","267.27","238.12","241.33","238.70","239.18","230.61","245.19","262.37","257.32","217.96","224.39","227.38","283.70","258.40","262.91","258.78","243.76","233.55","254.18","278.11","257.36","231.66","233.53","222.86","295.48","278.90","269.03","262.64","251.79","248.01","267.25","291.04","275.54","236.12","236.48","232.06","312.70","303.78","311.19","303.77","283.96","273.25","294.34","314.73","298.61","257.38","263.57","257.31","344.04","321.61","306.11","286.42","277.64","260.63","279.40","301.28","286.40","240.73","252.79","249.79","338.44","322.20","318.54","295.71","130.88","124.66","149.40","175.49","165.13","152.12","212.18","215.05","178.35","168.44","180.80","200.19","247.96","272.04","339.49","369.43","357.18","316.49","310.90","328.55","408.70","368.16","375.34","465.09","380.63","365.81","418.44","451.82","415.33","360.59","364.18","364.16","444.00","419.80","418.48","403.54","408.45","397.41","434.13","458.72","444.09","398.19","395.76","389.54","488.90","426.49","429.31","444.30","432.16","412.43","458.61","453.25","428.03","394.20","375.62","363.77","455.14","417.36","415.31","417.60","415.21","391.58","439.78","443.54","430.03","383.51","384.27","384.19","490.13","430.78","431.98","432.91","435.05"
"Avg daily rate","Statewide- Luxury","dollar","","","","","","","","","","","","","","","","","","","","","","","","","","","","","","","","","","","","","","","","","","","","","","","","","","","","","","","","","","","","","","","","","","","","","","","","","","","","","","","","","","","","","","","545.77","483.10","433.28","487.67","531.95","531.23","416.31","420.44","454.68","701.57","547.63","523.98","551.56","527.05","459.67","511.60","556.25","544.74","426.31","438.38","466.90","727.44","612.05","587.07","599.97","541.75","492.38","537.65","580.28","562.57","438.17","459.38","490.68","758.79","606.84","574.27","583.10","548.14","481.77","547.72","602.91","572.99","456.11","470.96","509.27","793.96","644.58","613.44","572.66","","252.88","335.33","395.82","441.53","266.21","308.10","542.63","865.06","787.77","728.70","775.52","719.68","663.72","754.29","827.57","823.41","663.73","656.31","724.41","1,057.80","831.52","805.81","887.08","849.69","745.37","883.09","949.08","909.39","727.13","728.05","768.17","1,101.91","872.37","863.28","893.05","859.02","745.86","853.30","918.01","846.73","676.69","688.46","763.76","1,092.51","834.85","794.10","876.12","797.52","744.39","836.92","866.75","833.70","685.38","692.75","764.84","1,121.95","912.50","876.03","725.18","670.23","747.71","853.89","895.64","856.68","704.09","720.83","811.27","1,220.62","749.62","757.41","745.28","714.44"
"Avg daily rate","Waikiki","dollar","","","","","","","","","","","","","","","","","","","","","","","","","","","","","","","","","","","","","","","","","","","","","","","","","","","","","","","","","","","","","","","","","","","","","","","","","","","","","","","","","","","","","","","210.43","206.66","210.15","227.32","247.06","240.78","227.93","217.19","216.12","249.51","241.56","226.87","217.91","214.90","212.90","232.33","248.30","240.17","215.48","219.73","215.62","252.42","235.53","230.28","223.34","222.29","221.50","239.10","254.84","249.77","221.60","225.50","215.15","263.62","238.27","232.40","223.67","223.52","221.67","237.19","254.01","249.20","224.41","226.03","226.80","278.93","249.00","239.45","214.44","140.73","129.07","164.25","169.63","152.21","148.43","155.24","161.75","181.80","163.73","164.07","173.18","181.28","185.65","218.07","243.77","228.67","199.29","196.74","206.75","267.14","229.18","223.71","229.83","240.53","233.34","269.72","294.24","271.88","249.65","243.85","245.93","304.15","269.28","255.50","259.52","255.59","252.37","278.86","291.26","281.03","260.28","260.53","259.19","303.59","273.26","273.32","268.43","257.09","260.98","281.10","293.35","282.57","252.05","251.33","246.32","306.79","276.56","266.07","259.58","262.07","253.82","270.84","285.66","272.07","247.77","248.32","258.24","311.95","272.39","264.35","256.33","252.47"
"Avg daily rate","Wailea","dollar","","","","","","","","","","","","","","","","","","","","","","","","","","","","","","","","","","","","","","","","","","","","","","","","","","","","","","","","","","","","","","","","","","","","","","","","","","","","","","","","","","","","","","","546.18","475.74","406.88","483.56","541.82","519.20","378.16","387.37","454.41","718.95","543.79","546.01","589.70","548.37","467.22","512.50","573.34","536.92","414.62","448.09","488.53","772.65","662.03","651.74","665.01","574.64","508.75","578.70","621.26","563.89","428.64","454.90","498.73","782.17","632.38","623.10","641.76","600.56","506.51","616.71","697.21","607.79","460.63","483.23","536.34","889.53","717.29","705.25","628.21","","","","","","","","522.82","833.90","807.01","757.97","801.72","773.31","716.57","789.57","921.88","912.93","682.02","621.38","773.31","1,189.18","904.08","840.07","1,000.43","974.72","832.05","1,025.48","1,136.05","1,022.25","834.72","829.87","856.57","1,268.86","1,017.48","1,003.94","1,028.45","957.37","787.79","939.09","1,021.75","816.62","645.93","708.38","797.00","1,140.12","867.78","817.57","811.03","741.56","712.44","810.50","811.76","720.01","622.62","635.19","704.53","1,053.96","833.28","823.56","795.20","766.86","661.57","753.11","776.97","702.47","599.22","610.21","672.84","1,059.00","755.95","755.53","772.40","737.43"
"Avg daily rate","Kohala Coast","dollar","","","","","","","","","","","","","","","","","","","","","","","","","","","","","","","","","","","","","","","","","","","","","","","","","","","","","","","","","","","","","","","","","","","","","","","","","","","","","","","","","","","","","","","349.96","333.01","286.48","313.85","329.76","349.56","278.02","276.82","335.72","422.86","360.33","357.94","367.03","362.51","300.58","331.53","343.42","358.16","282.18","307.46","332.59","469.50","407.88","425.02","414.37","379.34","337.08","334.82","340.10","350.42","279.04","314.69","340.71","469.24","423.41","394.65","385.43","374.36","330.19","350.89","376.00","405.96","309.11","320.54","348.51","492.32","479.43","456.48","408.80","","","","","","","140.63","388.26","542.47","442.40","445.19","476.06","470.92","453.82","556.50","591.66","604.72","476.26","524.17","566.25","830.38","634.98","621.87","662.08","688.25","569.37","642.29","645.08","645.81","486.31","535.05","575.96","798.07","580.37","602.05","610.82","602.95","504.62","571.58","590.49","583.97","480.08","501.19","547.05","761.09","616.06","602.04","647.85","584.25","472.84","550.40","560.98","568.22","448.78","481.40","517.84","737.12","614.91","627.17","624.30","592.65","504.48","584.55","594.71","603.39","480.18","488.73","604.06","825.79","681.05","691.74","689.36","674.17"
"Avg daily rate","Statewide- Upper Upscale","dollar","","","","","","","","","","","","","","","","","","","","","","","","","","","","","","","","","","","","","","","","","","","","","","","","","","","","","","","","","","","","","","","","","","","","","","","","","","","","","","","","","","","","","","","252.58","243.31","238.71","262.65","278.30","270.44","249.88","244.06","248.30","296.61","279.39","269.20","261.26","257.63","250.38","270.07","287.80","273.07","243.08","252.67","248.27","307.35","285.66","286.38","276.51","263.44","256.11","276.64","293.01","280.65","247.15","253.69","249.28","315.32","293.83","285.95","278.05","275.37","264.25","284.38","308.12","294.53","253.02","260.39","259.78","337.48","304.58","299.94","283.63","156.03","147.94","173.99","185.89","175.13","174.10","183.08","229.57","263.44","242.30","251.81","270.73","277.45","270.57","305.82","344.87","325.26","282.78","285.93","299.25","372.07","314.76","322.88","357.12","343.69","319.43","374.66","395.36","359.87","325.51","324.53","326.90","400.07","355.68","351.85","354.60","348.16","331.59","371.51","383.89","343.34","338.42","333.75","325.05","382.51","352.08","350.30","350.60","338.22","323.79","346.41","357.67","333.61","297.06","304.92","302.48","375.63","340.15","336.19","341.38","337.42","306.91","332.67","347.08","321.50","294.33","295.83","310.33","386.66","349.89","348.95","342.05","334.28"
"Avg daily rate","Other Oahu","dollar","","","","","","","","","","","","","","","","","","","","","","","","","","","","","","","","","","","","","","","","","","","","","","","","","","","","","","","","","","","","","","","","","","","","","","","","","","","","","","","","","","","","","","","222.84","208.70","211.17","243.41","270.05","261.15","225.81","225.15","233.86","307.11","271.91","257.08","252.13","260.43","239.56","268.40","291.44","273.63","231.81","241.73","243.41","317.59","264.38","260.55","272.04","265.70","245.64","267.52","291.97","279.11","233.13","241.08","241.10","316.59","269.76","263.34","263.63","262.88","243.76","277.12","304.66","292.02","240.07","237.27","241.52","331.91","280.54","267.51","237.95","142.76","145.99","163.01","170.94","171.15","163.96","165.22","189.08","194.71","188.27","193.94","241.68","262.15","263.96","287.70","348.69","340.02","287.08","288.41","327.81","369.87","308.36","307.39","331.32","369.61","320.70","365.84","393.15","373.37","319.20","312.52","332.36","411.31","342.12","327.11","347.45","365.54","332.12","365.24","396.71","355.38","329.37","331.82","343.29","419.60","344.30","340.43","368.75","369.50","331.01","381.30","406.01","373.99","292.39","319.00","339.80","410.20","375.97","369.15","378.48","374.49","346.92","398.69","430.15","385.82","326.47","333.29","346.63","432.37","362.29","351.54","367.31","363.87"
"Avg daily rate","Lahaina/Kaanapali/Kapalua","dollar","","","","","","","","","","","","","","","","","","","","","","","","","","","","","","","","","","","","","","","","","","","","","","","","","","","","","","","","","","","","","","","","","","","","","","","","","","","","","","","","","","","","","","","302.93","263.70","245.03","275.16","302.13","275.13","243.99","246.85","251.27","353.13","327.91","331.47","309.19","291.63","270.74","296.06","318.68","285.36","243.39","252.10","257.85","373.73","355.75","366.71","348.28","307.47","284.42","323.95","345.65","310.07","263.18","265.76","282.43","397.48","371.00","361.31","348.48","326.77","293.35","327.43","361.15","323.54","276.21","282.36","298.80","423.76","396.85","400.08","357.10","89.58","70.09","66.02","139.19","124.56","100.98","261.70","345.16","416.28","367.46","364.37","378.94","399.24","390.76","437.37","533.02","491.05","415.67","421.99","439.41","590.18","514.90","524.24","559.81","537.01","493.79","579.32","621.31","541.15","483.96","472.20","471.28","615.44","553.28","574.76","564.95","538.25","490.86","565.08","581.51","515.13","534.51","458.35","426.11","475.79","467.69","462.20","478.65","462.55","432.32","459.31","465.64","403.87","379.68","387.00","401.33","519.38","465.29","462.53","468.58","437.65","403.85","466.41","465.62","394.58","345.76","349.49","371.84","525.60","436.66","464.79","452.82","441.74"
"Avg daily rate","Statewide- Upscale","dollar","","","","","","","","","","","","","","","","","","","","","","","","","","","","","","","","","","","","","","","","","","","","","","","","","","","","","","","","","","","","","","","","","","","","","","","","","","","","","","","","","","","","","","","192.50","176.45","173.91","187.95","201.47","189.15","180.65","176.57","175.39","211.24","208.37","207.60","200.58","188.87","181.17","195.52","206.39","190.82","175.73","183.10","181.03","220.80","217.01","222.23","211.81","200.24","196.82","212.46","222.51","211.12","192.30","196.93","191.34","235.36","225.80","226.33","211.68","206.62","190.66","203.16","216.38","205.42","190.04","196.91","195.56","240.67","236.55","239.69","216.54","147.47","136.34","152.32","166.08","162.69","155.88","166.70","169.40","193.47","183.56","183.01","192.85","206.85","211.60","237.89","264.63","254.20","228.57","229.80","235.10","293.11","248.25","255.16","259.35","255.95","245.92","273.38","292.63","270.67","250.62","253.89","248.60","296.21","289.51","294.09","280.25","264.32","249.71","272.09","274.30","264.16","271.57","265.54","252.03","282.13","276.28","278.63","266.70","257.37","247.35","255.91","258.24","244.02","227.25","232.69","224.73","267.43","249.26","255.96","247.16","235.30","222.79","239.42","240.21","221.86","211.04","212.81","209.47","254.08","239.21","247.46","235.36","227.80"
"Avg daily rate","Oahu- Luxury","dollar","","","","","","","","","","","","","","","","","","","","","","","","","","","","","","","","","","","","","","","","","","","","","","","","","","","","","","","","","","","","","","","","","","","","","","","","","","","","","","","","","","","","","","","447.79","417.25","422.34","446.77","489.02","499.35","434.29","429.14","432.68","598.79","517.44","474.00","471.96","462.22","446.29","477.25","520.63","516.60","430.50","445.69","436.03","604.19","524.27","487.66","498.08","481.69","461.59","470.69","523.01","538.93","444.77","445.21","446.40","627.85","527.69","486.76","478.42","479.91","449.07","478.26","529.34","530.80","449.85","454.95","459.77","634.37","542.24","493.83","479.51","","","","","","","","485.17","522.19","499.75","470.83","544.25","553.77","525.27","581.61","656.65","635.42","540.79","555.59","608.33","789.34","659.39","606.54","626.44","643.66","583.48","670.28","716.48","687.93","591.74","583.74","608.17","810.61","697.95","649.08","665.56","685.77","619.50","685.27","742.57","748.54","614.53","623.43","660.17","877.21","721.68","679.21","710.51","707.39","664.01","705.16","755.74","745.63","623.61","625.15","659.52","903.99","796.04","729.97","473.06","457.51","645.56","739.81","805.35","784.13","655.72","678.51","703.00","992.89","512.21","525.34","488.23","461.32"
"Avg daily rate","Other Maui CTY","dollar","","","","","","","","","","","","","","","","","","","","","","","","","","","","","","","","","","","","","","","","","","","","","","","","","","","","","","","","","","","","","","","","","","","","","","","","","","","","","","","","","","","","","","","427.82","369.89","322.72","382.39","413.81","401.28","306.88","315.03","357.45","566.76","448.02","444.33","469.97","427.65","364.33","399.70","438.37","408.08","326.82","351.67","384.18","607.29","534.04","504.94","525.80","446.95","409.58","452.89","479.78","446.67","351.19","356.77","396.27","623.06","511.81","492.09","510.88","465.80","407.95","479.53","532.42","469.85","368.30","382.80","418.14","677.52","575.41","577.81","484.76","129.83","134.14","261.65","222.18","230.27","171.94","214.19","394.80","573.78","522.47","525.19","562.34","584.84","559.97","572.65","723.67","729.70","581.54","551.34","639.18","914.93","738.80","650.57","722.41","701.55","630.41","726.24","770.91","724.76","603.84","601.71","621.90","888.34","743.29","755.60","749.77","701.23","602.13","698.41","755.90","607.81","533.08","561.60","595.72","794.07","675.49","643.77","708.12","651.50","613.58","675.85","685.19","621.51","528.53","539.92","615.25","897.25","725.28","702.02","690.54","636.39","582.51","655.58","658.87","615.02","515.10","525.18","581.48","866.79","659.39","660.40","669.60","651.89"
"Avg daily rate","Statewide- Upper Midscale","dollar","","","","","","","","","","","","","","","","","","","","","","","","","","","","","","","","","","","","","","","","","","","","","","","","","","","","","","","","","","","","","","","","","","","","","","","","","","","","","","","","","","","","","","","148.16","139.40","141.03","152.04","170.88","157.67","153.76","147.50","144.56","171.65","169.35","166.04","159.19","151.51","148.28","160.60","171.15","158.96","148.13","148.32","147.31","179.21","171.94","175.46","164.64","158.60","156.38","172.77","181.32","168.66","155.11","154.29","150.24","190.11","165.75","167.28","154.33","152.95","154.11","166.69","176.30","167.30","157.11","152.60","157.09","194.71","183.43","181.40","160.94","127.63","126.58","156.58","154.84","145.85","138.84","140.70","138.22","149.28","134.74","135.01","139.16","150.65","155.85","169.13","198.08","192.28","172.36","170.08","174.54","222.60","268.91","232.02","234.02","231.53","221.20","244.02","257.19","237.57","224.72","221.90","205.49","262.94","251.36","258.82","241.46","229.62","218.55","233.56","238.67","234.26","246.03","240.29","231.37","254.67","239.13","236.64","232.71","226.23","210.24","217.02","220.38","210.35","193.76","193.60","192.52","225.99","215.36","220.77","198.33","192.69","190.69","197.24","202.90","190.04","183.45","182.67","180.49","215.84","207.66","208.45","197.55","194.48"
"Avg daily rate","Oahu- Upper Upscale","dollar","","","","","","","","","","","","","","","","","","","","","","","","","","","","","","","","","","","","","","","","","","","","","","","","","","","","","","","","","","","","","","","","","","","","","","","","","","","","","","","","","","","","","","","236.87","238.65","241.88","260.83","277.90","273.60","257.17","247.53","248.22","279.56","269.69","252.25","243.37","244.02","243.10","263.87","279.75","270.44","242.91","248.86","244.08","279.72","261.63","252.65","245.69","245.02","243.66","261.97","278.60","273.12","241.91","246.22","235.46","282.61","263.62","255.84","249.58","252.86","251.32","268.21","285.96","278.78","246.69","250.06","248.91","306.54","270.59","261.89","247.52","161.95","163.24","180.77","196.17","169.19","177.67","174.94","196.15","211.36","200.88","202.37","211.42","214.15","212.35","240.60","272.10","256.09","226.35","223.64","230.61","288.54","246.43","243.07","250.40","261.72","252.97","295.20","319.25","296.34","268.97","263.47","267.91","326.32","289.30","275.56","284.13","281.27","276.88","309.23","318.37","296.03","283.15","285.35","283.75","330.19","301.11","300.10","298.14","285.67","289.04","309.81","319.55","305.98","267.00","273.77","268.98","326.11","297.44","287.14","288.09","294.09","275.99","295.57","313.19","295.01","269.66","269.76","280.51","333.10","294.23","280.54","281.04","278.25"
"Avg daily rate","Maui CTY- Luxury","dollar","","","","","","","","","","","","","","","","","","","","","","","","","","","","","","","","","","","","","","","","","","","","","","","","","","","","","","","","","","","","","","","","","","","","","","","","","","","","","","","","","","","","","","","646.24","545.06","455.91","544.75","611.32","588.13","421.99","439.44","504.90","874.55","618.56","597.14","647.86","614.78","505.07","576.34","642.06","607.96","456.96","477.92","531.68","925.05","741.23","697.93","723.26","625.42","557.53","629.28","674.89","628.41","461.46","483.81","552.29","925.63","706.12","676.16","702.38","636.84","536.31","646.00","719.81","644.05","485.95","504.55","578.18","1,013.02","785.43","753.71","656.86","","","","","572.24","","316.11","622.59","1,014.58","898.34","822.72","878.95","839.05","778.44","887.87","1,016.18","1,013.92","778.20","714.61","856.90","1,361.53","1,007.98","983.17","1,110.16","1,051.16","911.95","1,147.13","1,277.70","1,167.20","960.19","895.79","964.86","1,434.44","1,120.64","1,101.90","1,160.69","1,053.13","872.93","1,036.17","1,134.43","961.58","755.31","754.69","871.87","1,290.73","939.55","888.78","1,015.91","873.78","867.15","995.80","1,005.37","915.67","739.30","760.53","862.38","1,312.07","1,039.60","982.49","992.40","901.01","807.24","921.80","957.15","887.84","736.91","738.46","859.58","1,387.10","978.53","963.36","981.10","960.38"
"Avg daily rate","Statewide- Midscale & Economy","dollar","","","","","","","","","","","","","","","","","","","","","","","","","","","","","","","","","","","","","","","","","","","","","","","","","","","","","","","","","","","","","","","","","","","","","","","","","","","","","","","","","","","","","","","143.15","134.32","135.75","144.06","159.78","148.80","148.38","141.51","135.81","167.47","161.51","162.79","153.59","145.38","143.38","152.00","161.40","148.90","141.31","143.53","140.23","173.78","173.61","178.93","166.24","158.58","156.24","166.77","173.17","161.68","154.87","141.07","151.00","187.85","196.92","180.69","182.43","155.49","166.50","174.20","183.40","176.37","164.39","152.19","165.69","214.28","203.90","203.62","172.60","92.28","93.43","","138.87","129.57","114.98","123.24","162.05","195.64","167.48","171.24","192.85","260.52","239.77","162.52","285.00","287.73","281.42","276.41","283.08","339.25","281.34","213.84","209.65","212.17","209.93","228.16","245.94","228.04","214.80","213.98","193.41","243.15","275.86","265.98","257.64","244.65","229.27","252.41","264.74","232.34","235.46","241.28","241.68","287.93","226.86","237.26","240.00","234.74","215.66","239.68","251.13","225.59","201.27","203.02","204.65","259.24","228.88","231.28","238.14","225.67","211.49","233.77","237.29","219.23","194.57","198.29","197.43","255.40","235.34","234.51","225.34","223.06"
"Avg daily rate","Oahu- Upscale","dollar","","","","","","","","","","","","","","","","","","","","","","","","","","","","","","","","","","","","","","","","","","","","","","","","","","","","","","","","","","","","","","","","","","","","","","","","","","","","","","","","","","","","","","","186.27","178.87","179.69","196.27","213.42","199.46","191.86","179.28","178.91","208.79","198.69","192.49","189.05","184.78","181.53","199.92","213.99","197.49","180.53","184.59","185.12","218.44","196.67","200.70","198.09","198.84","201.81","221.06","233.07","222.89","199.80","204.83","196.85","235.96","190.61","195.34","185.76","186.70","183.29","193.33","208.51","203.41","188.99","189.90","189.83","226.46","209.41","206.48","183.78","162.31","160.34","167.20","176.37","173.70","164.24","168.78","156.07","172.67","162.42","158.21","162.43","165.95","174.68","198.03","213.00","203.72","182.81","181.99","184.08","226.19","199.71","194.05","194.73","197.31","200.65","221.62","242.83","223.91","206.37","203.87","200.39","238.61","206.97","206.33","203.84","199.92","198.93","218.33","228.21","213.64","200.79","201.68","193.74","219.53","210.00","215.17","209.49","203.90","207.78","225.55","236.39","221.88","200.45","200.72","190.33","226.93","209.57","213.19","208.00","206.71","205.83","217.67","222.25","208.87","196.94","197.10","192.85","230.34","205.15","201.81","200.59","196.82"
"Avg daily rate","Maui CTY- Upper Upscale & Upscale","dollar","","","","","","","","","","","","","","","","","","","","","","","","","","","","","","","","","","","","","","","","","","","","","","","","","","","","","","","","","","","","","","","","","","","","","","","","","","","","","","","","","","","","","","","275.89","240.12","225.20","256.76","268.22","244.71","225.46","227.37","232.39","314.26","305.47","314.54","295.52","272.22","253.38","272.40","290.21","259.94","231.96","244.77","246.69","341.55","335.21","346.82","327.79","285.73","267.20","297.74","315.62","284.00","247.37","253.09","261.16","358.11","347.34","345.82","330.05","314.59","281.63","313.16","344.58","303.21","262.81","277.79","281.00","385.52","377.78","389.59","348.22","187.61","137.15","179.27","180.20","203.35","166.48","208.07","275.22","324.98","306.12","318.08","336.73","355.11","359.72","410.77","483.30","448.90","377.65","384.27","399.01","527.10","454.17","473.58","518.09","502.21","459.52","535.37","567.21","499.45","455.24","451.44","449.77","554.21","517.65","546.06","528.03","504.24","461.37","520.08","532.91","502.57","513.13","460.56","418.65","469.88","455.40","452.48","458.25","450.19","413.52","428.02","431.52","380.44","362.34","363.33","372.51","485.52","435.99","439.05","435.96","409.71","376.72","418.72","419.00","361.63","331.36","331.47","345.18","468.89","408.72","435.19","426.95","402.44"
"Avg daily rate","Oahu- Upper Midscale","dollar","","","","","","","","","","","","","","","","","","","","","","","","","","","","","","","","","","","","","","","","","","","","","","","","","","","","","","","","","","","","","","","","","","","","","","","","","","","","","","","","","","","","","","","138.98","132.23","135.75","147.94","169.32","154.74","151.57","143.07","139.46","159.84","157.16","152.51","148.15","144.13","142.13","156.02","166.76","154.57","143.81","141.14","140.46","166.79","152.98","156.14","146.23","145.99","147.10","165.36","174.05","161.20","147.52","148.80","140.34","176.24","155.20","158.50","147.30","148.87","150.63","163.24","172.53","164.07","154.60","149.48","153.55","188.87","173.71","169.32","150.14","132.14","128.93","155.02","156.10","144.42","137.93","139.06","130.25","135.98","124.44","123.42","125.86","133.05","140.91","156.78","179.22","171.47","151.94","148.13","149.26","199.00","166.46","156.04","156.67","159.16","158.15","181.24","206.49","187.90","169.92","158.89","154.01","188.24","171.10","172.19","167.52","161.35","162.28","175.25","183.11","174.16","164.56","163.53","158.43","180.64","173.62","179.68","171.41","167.25","167.57","188.53","196.62","184.02","165.38","167.87","163.14","184.58","174.78","178.27","164.00","162.96","172.17","168.49","172.61","162.71","157.89","154.66","148.53","176.15","167.98","160.50","154.63","155.67"
"Avg daily rate","Oahu- Midscale & Economy","dollar","","","","","","","","","","","","","","","","","","","","","","","","","","","","","","","","","","","","","","","","","","","","","","","","","","","","","","","","","","","","","","","","","","","","","","","","","","","","","","","","","","","","","","","122.37","116.44","121.32","134.82","154.46","140.24","139.98","126.04","119.39","140.79","132.05","132.64","128.62","125.73","124.34","139.12","151.32","136.51","125.45","122.00","119.78","145.12","131.19","137.87","126.71","129.13","129.19","144.86","152.12","140.78","129.09","129.81","122.50","147.66","136.30","142.79","130.90","126.36","130.16","142.58","151.23","146.86","137.54","132.03","132.80","167.30","149.09","142.13","119.65","87.53","93.01","","","123.72","118.60","102.40","95.48","101.80","100.86","96.77","95.67","97.17","106.44","130.16","145.66","139.93","116.13","107.41","111.01","157.11","142.54","149.75","144.09","143.85","147.90","164.52","192.04","177.71","160.88","155.24","152.86","182.43","152.73","155.70","152.68","144.65","148.59","159.13","167.16","159.44","152.88","149.98","146.12","166.11","155.61","164.16","153.81","148.67","151.42","169.32","179.72","164.43","147.10","143.98","137.95","166.37","152.41","156.00","144.83","134.75","149.86","154.19","160.55","152.10","140.44","137.91","132.71","169.86","145.02","141.31","135.16","126.82"
"RevPAR","Statewide- All","dollar","124.57","136.06","119.21","112.85","101.02","106.44","121.69","123.68","102.02","109.31","99.26","123.30","117.45","132.29","122.33","115.12","104.77","121.49","143.86","137.62","113.31","116.25","114.72","143.10","141.27","156.82","142.18","131.17","117.16","131.27","150.20","150.55","128.60","127.52","131.25","160.25","163.95","171.62","161.81","147.18","137.88","154.24","176.83","175.36","137.95","141.59","144.31","177.16","189.41","202.22","188.53","165.47","151.71","173.11","193.93","196.12","154.75","154.21","150.67","192.80","197.75","208.19","186.27","165.27","153.48","174.25","201.00","191.43","161.22","166.65","159.46","208.75","196.64","210.70","198.32","176.55","171.20","200.54","211.57","202.76","166.45","173.90","172.32","227.11","206.35","218.17","203.30","184.36","173.55","202.69","226.14","212.90","184.81","182.52","180.43","243.80","228.84","227.75","211.47","200.84","188.22","216.99","238.97","218.89","181.25","189.66","190.43","251.29","241.23","251.75","235.72","216.80","203.54","227.11","247.63","220.46","185.96","190.21","190.13","251.94","237.56","241.92","226.83","215.41","202.72","235.91","259.52","244.27","193.25","200.26","204.80","282.36","264.27","262.70","124.68","11.70","17.95","25.28","36.39","34.30","29.15","34.26","50.75","69.21","58.47","78.97","122.86","152.52","177.08","246.75","303.01","260.84","167.92","168.90","198.61","304.75","233.46","253.18","284.16","282.83","251.36","296.85","337.01","295.26","247.86","243.46","243.36","313.69","285.70","295.54","295.94","278.16","252.89","298.10","316.66","274.60","260.83","258.46","255.04","309.39","285.14","296.98","286.67","266.11","243.44","281.28","301.29","266.25","217.68","226.93","231.78","310.20","284.25","300.69","282.07","265.10","241.77","278.12","297.68","267.58","219.41","234.24","242.00","341.58","290.28","302.01","280.02","271.92"
"RevPAR","Oahu- All","dollar","110.93","119.61","103.11","103.64","100.73","97.61","115.62","116.20","107.93","113.43","103.69","112.63","107.69","114.80","108.76","100.78","104.70","114.79","139.68","129.17","121.11","116.52","114.17","134.49","132.78","137.92","123.49","119.96","120.23","126.13","140.36","146.72","133.74","132.22","135.04","148.44","157.96","152.04","146.15","134.70","144.54","154.31","178.91","177.30","151.62","147.84","148.24","170.32","180.95","188.68","171.46","160.80","158.60","176.85","194.08","200.44","171.30","162.77","156.53","182.31","187.73","192.85","171.62","155.20","156.91","180.21","206.89","201.30","177.41","174.82","162.31","193.47","179.08","186.34","173.12","160.11","172.51","202.11","208.33","204.01","182.19","185.69","178.33","214.31","189.57","193.10","173.52","168.71","173.58","196.85","221.28","211.28","195.47","183.50","176.56","212.87","203.61","197.70","177.32","176.77","175.35","207.03","226.30","210.76","182.32","182.71","179.69","213.23","199.05","204.80","190.13","188.51","187.23","213.19","228.66","215.34","188.02","185.35","173.87","220.74","200.38","204.70","184.57","183.13","186.10","213.40","229.57","226.73","190.56","187.94","187.70","237.22","223.33","209.54","93.71","11.38","17.85","25.30","39.69","42.13","32.54","34.63","37.86","43.40","39.73","49.61","74.32","90.60","116.27","171.40","212.00","178.54","109.93","103.21","120.41","211.79","158.26","168.38","180.52","198.29","186.18","218.99","266.01","233.89","199.35","186.20","186.36","238.00","208.76","209.97","216.39","213.56","207.01","241.50","259.15","246.16","222.23","214.01","207.66","242.19","224.44","238.03","223.53","210.10","213.13","252.28","274.13","246.24","198.22","202.90","192.68","248.53","226.90","232.14","216.05","217.96","205.38","230.75","255.98","233.60","194.97","201.92","198.28","271.34","223.57","220.11","211.64","207.44"
"RevPAR","Maui CTY- All","dollar","165.18","179.97","159.43","137.90","114.56","135.56","148.82","149.96","106.53","112.56","107.73","159.95","153.81","183.38","167.68","152.77","120.79","147.77","175.78","174.93","121.59","130.34","135.45","184.70","180.58","213.25","209.31","180.29","133.14","160.75","190.03","180.20","136.41","139.45","151.04","205.76","211.34","234.76","217.54","194.54","149.82","176.92","207.99","201.71","139.98","151.02","162.95","223.88","236.30","251.46","250.98","205.95","167.65","201.00","234.40","221.34","152.58","160.83","168.24","246.69","247.81","267.36","246.45","206.81","170.85","195.57","225.00","206.12","165.58","175.75","184.22","280.53","263.54","282.28","280.01","234.45","200.97","238.17","254.26","234.19","171.73","182.50","195.78","292.10","256.15","288.07","291.98","244.09","204.38","248.74","270.90","250.77","198.51","206.73","219.70","343.02","299.22","305.62","304.89","276.62","235.87","266.15","298.00","262.38","205.91","221.19","236.38","358.64","345.06","355.21","339.50","292.91","259.15","294.61","327.98","266.91","215.70","217.28","246.46","350.00","327.04","337.14","335.50","306.84","265.08","318.22","358.91","305.98","231.65","250.66","265.35","414.56","368.81","391.19","195.81","13.30","14.60","15.58","24.91","17.72","24.48","32.07","75.58","130.37","98.55","141.41","228.28","299.97","313.56","394.26","505.07","438.86","289.09","289.26","346.91","500.88","379.03","402.67","464.66","442.36","372.80","451.70","487.94","421.79","350.17","343.84","350.84","467.69","429.38","465.29","454.93","398.47","341.47","418.74","442.33","294.02","334.60","336.35","341.35","420.36","399.86","402.79","401.19","367.75","301.74","323.93","346.14","283.52","238.59","253.49","298.32","422.53","367.27","413.11","390.90","336.44","291.86","354.55","372.47","310.44","251.22","284.35","313.33","465.60","388.78","436.86","381.38","373.01"
"RevPAR","Hawaii ISL- All","dollar","111.22","121.02","107.68","107.01","80.36","89.26","100.56","109.77","79.14","89.74","80.51","114.51","99.48","117.30","104.89","109.14","79.42","99.69","114.43","115.93","81.24","98.92","96.73","123.49","121.29","144.44","105.73","92.24","85.27","97.92","119.66","113.10","92.72","90.74","97.74","140.66","125.32","146.86","132.53","114.79","96.18","114.03","122.37","130.83","88.50","109.38","112.26","141.23","163.00","181.73","163.26","124.09","102.59","121.96","134.94","147.62","99.71","114.16","110.19","161.79","165.05","182.93","157.68","138.89","112.26","125.21","149.42","142.57","128.91","101.91","124.81","168.11","164.46","193.11","173.16","147.58","125.61","148.52","164.92","160.36","112.16","128.31","126.41","187.57","190.91","196.99","176.81","154.13","130.60","158.43","174.14","168.49","131.56","147.50","148.04","218.13","215.48","221.53","199.36","176.50","157.95","178.79","194.60","183.37","139.27","168.25","168.56","232.96","231.56","262.71","236.78","199.18","166.18","163.91","183.00","164.18","121.90","156.19","160.15","214.40","228.97","232.96","215.54","197.13","168.45","196.49","222.59","227.36","149.91","177.19","185.47","262.71","261.13","260.51","126.47","13.30","22.35","37.47","40.49","33.76","27.19","27.78","44.45","88.40","72.28","97.62","157.20","175.23","190.29","281.05","319.83","281.62","171.74","213.05","248.82","359.38","282.16","314.13","336.89","329.36","277.90","311.41","327.99","299.95","241.07","271.48","265.71","343.68","324.35","331.54","328.73","299.38","247.29","285.96","302.59","302.10","247.61","273.31","288.22","378.98","318.16","329.70","321.41","289.08","230.79","284.00","295.02","288.10","215.84","245.98","263.75","369.95","354.75","369.10","343.07","298.96","270.87","298.83","304.82","296.73","217.90","239.87","280.15","417.86","377.43","384.84","355.19","326.47"
"RevPAR","Kauai- All","dollar","112.14","133.99","119.75","105.58","100.16","104.21","119.49","117.03","94.56","108.99","82.33","98.42","105.94","117.65","105.22","103.15","105.87","125.26","131.59","120.91","101.48","106.28","90.58","109.55","114.84","129.93","125.56","123.12","109.04","135.39","149.61","155.05","139.02","130.11","110.76","136.37","130.82","152.63","148.88","143.10","137.28","159.33","169.17","166.10","137.10","134.13","122.33","143.85","153.77","187.25","165.62","151.18","146.18","154.60","179.98","179.91","143.81","146.66","130.38","157.96","175.31","179.70","156.40","156.92","150.17","155.91","180.92","166.47","143.16","150.51","128.49","171.05","177.76","195.89","176.00","165.58","157.04","178.49","196.53","185.65","143.45","153.51","147.74","193.69","201.39","215.99","185.34","164.16","157.18","184.28","218.95","191.86","163.50","165.88","148.76","212.39","222.57","220.33","199.70","183.85","186.51","204.23","226.35","206.09","171.37","180.24","166.24","230.44","244.59","255.71","245.26","218.24","213.50","227.86","248.01","211.08","183.78","194.05","180.11","232.59","240.93","229.79","213.06","200.68","187.37","211.36","233.40","213.21","165.24","176.72","180.32","245.50","254.77","269.50","135.08","9.16","18.58","29.25","37.87","27.78","22.93","45.22","60.19","23.88","30.98","47.74","61.82","91.47","156.92","266.16","306.62","274.07","209.29","211.03","235.14","283.84","246.88","293.96","372.70","314.41","292.02","348.81","384.93","329.11","280.88","286.71","273.31","320.23","314.13","309.18","306.07","307.70","294.78","324.70","337.21","357.18","322.02","302.20","267.82","329.02","304.61","334.84","325.84","311.01","292.52","345.15","358.11","315.50","286.06","278.12","253.40","312.39","321.91","332.01","320.22","318.92","291.66","336.12","343.19","323.70","286.56","292.17","270.60","343.97","324.94","340.65","331.66","328.15"
"RevPAR","Statewide- Luxury","dollar","","","","","","","","","","","","","","","","","","","","","","","","","","","","","","","","","","","","","","","","","","","","","","","","","","","","","","","","","","","","","","","","","","","","","","","","","","","","","","","","","","","","","","","407.33","358.19","295.29","360.66","406.40","396.99","296.90","305.24","327.43","514.05","425.86","412.37","415.15","392.53","330.91","393.83","445.23","423.45","300.05","322.76","349.70","532.94","474.69","477.25","474.80","413.66","364.28","400.69","454.68","407.45","299.46","331.42","357.66","525.78","445.16","447.27","442.82","422.21","361.77","442.99","505.75","469.19","329.03","349.26","370.72","582.35","493.47","486.40","219.31","","13.18","26.47","40.46","10.33","14.94","56.87","95.31","168.44","134.85","188.34","296.55","334.73","353.79","529.54","598.91","532.96","308.06","309.41","416.60","626.76","427.28","472.06","536.53","548.10","453.56","545.85","599.23","537.58","402.60","401.31","448.71","629.18","535.95","524.13","536.63","517.45","436.23","528.69","585.92","489.35","381.56","403.62","443.22","607.78","515.46","502.34","538.71","502.29","418.97","508.37","553.85","500.12","373.72","396.07","469.07","688.07","599.87","616.71","523.06","482.45","489.27","583.72","615.94","575.14","405.00","458.85","519.83","795.25","538.18","548.83","516.78","508.21"
"RevPAR","Waikiki","dollar","","","","","","","","","","","","","","","","","","","","","","","","","","","","","","","","","","","","","","","","","","","","","","","","","","","","","","","","","","","","","","","","","","","","","","","","","","","","","","","","","","","","","","","174.65","170.63","177.93","197.70","220.53","210.75","198.06","186.11","178.79","209.41","203.89","196.58","174.41","173.28","174.34","204.85","223.07","207.95","184.44","183.68","179.31","208.45","197.95","202.72","186.39","184.64","185.87","210.82","224.03","212.08","188.06","184.25","171.19","215.10","197.98","201.14","179.88","178.84","184.95","209.11","222.69","221.94","190.50","187.56","188.44","232.06","218.54","205.96","89.47","7.65","11.87","20.32","33.95","35.58","27.82","30.28","33.60","40.47","35.82","45.20","68.16","84.19","110.23","166.18","202.17","168.01","103.70","95.45","109.80","199.97","148.91","159.19","172.40","186.97","177.20","208.38","255.98","223.75","192.96","178.73","176.69","227.40","199.91","202.42","206.12","201.14","197.68","232.55","249.16","240.14","216.03","206.82","200.46","231.33","216.02","232.02","212.81","197.30","205.38","241.53","261.11","236.96","197.34","196.24","181.10","238.21","216.66","220.10","201.97","205.40","195.71","218.56","242.29","224.21","189.51","194.88","189.64","257.14","211.95","207.87","198.39","194.27"
"RevPAR","Wailea","dollar","","","","","","","","","","","","","","","","","","","","","","","","","","","","","","","","","","","","","","","","","","","","","","","","","","","","","","","","","","","","","","","","","","","","","","","","","","","","","","","","","","","","","","","483.77","405.17","317.58","380.18","429.51","410.22","282.33","298.57","361.61","576.86","462.72","480.45","514.95","477.74","392.28","436.46","503.64","476.19","326.95","350.33","409.49","631.92","571.53","591.82","590.22","513.64","438.27","518.33","562.74","470.00","363.50","383.02","430.95","640.09","531.34","546.84","581.66","548.45","439.76","561.61","639.54","542.37","379.64","414.01","443.89","759.78","611.47","627.98","291.31","","","","","","","","130.40","217.63","152.68","238.98","362.40","420.45","438.73","594.85","732.18","642.09","366.42","338.79","491.75","756.56","523.44","570.04","666.44","626.21","512.57","657.67","719.13","609.66","446.25","447.56","502.28","693.31","594.20","657.98","634.65","585.91","468.76","624.03","655.55","461.11","327.15","443.30","446.73","632.97","597.13","582.32","544.43","564.93","434.69","499.45","560.29","457.11","353.07","378.08","476.96","733.34","588.59","663.60","614.33","569.03","476.64","560.16","590.80","490.79","362.52","451.40","495.87","766.65","589.40","642.70","593.92","569.02"
"RevPAR","Kohala Coast","dollar","","","","","","","","","","","","","","","","","","","","","","","","","","","","","","","","","","","","","","","","","","","","","","","","","","","","","","","","","","","","","","","","","","","","","","","","","","","","","","","","","","","","","","","247.69","227.69","183.39","226.96","247.97","242.57","174.70","187.96","213.37","319.29","300.10","303.19","274.27","249.82","210.30","246.63","267.96","259.89","173.83","214.08","231.41","336.49","323.89","373.09","336.53","273.75","214.90","213.80","249.25","221.20","143.25","200.19","232.86","316.94","323.15","322.97","308.48","286.37","235.44","280.11","324.39","342.35","201.63","234.31","271.19","389.35","384.45","379.90","181.47","","","","","","","5.33","56.95","145.61","108.88","154.00","262.49","303.25","299.99","451.69","498.49","444.23","245.97","325.93","388.97","580.80","430.87","470.10","519.53","514.34","404.08","455.83","474.81","451.21","328.71","359.63","394.64","517.52","443.07","455.37","474.01","452.81","354.43","415.94","444.48","439.93","337.19","369.67","413.84","538.38","458.09","477.91","485.18","441.27","322.37","411.19","419.23","400.10","279.90","319.05","368.57","512.88","487.88","507.38","478.12","420.53","369.96","421.57","427.32","398.15","270.75","297.83","378.05","578.86","537.63","557.44","504.84","456.44"
"RevPAR","Statewide- Upper Upscale","dollar","","","","","","","","","","","","","","","","","","","","","","","","","","","","","","","","","","","","","","","","","","","","","","","","","","","","","","","","","","","","","","","","","","","","","","","","","","","","","","","","","","","","","","","214.31","202.28","194.94","229.43","248.24","236.54","211.47","207.94","204.59","251.21","245.31","241.30","218.61","215.06","208.35","236.33","257.75","238.40","205.57","214.98","207.63","256.01","244.68","256.62","238.45","225.65","214.49","241.98","261.36","230.66","200.27","203.46","195.96","250.17","242.04","244.29","227.63","220.69","212.05","246.38","270.10","256.69","202.09","206.84","207.41","274.97","258.71","258.37","120.32","7.11","15.74","26.72","38.34","34.99","27.63","28.97","45.09","52.54","44.25","65.07","104.36","131.77","160.47","239.57","293.99","244.00","155.91","151.98","171.04","279.35","207.24","238.26","279.60","274.18","247.76","298.11","338.73","291.70","251.19","244.19","240.18","295.46","266.83","277.64","285.75","273.04","255.18","302.01","317.39","269.64","272.99","262.60","252.17","287.51","272.92","289.99","275.04","250.79","243.47","284.75","304.11","263.15","218.14","224.26","215.50","279.68","256.24","272.77","261.97","250.73","226.17","262.54","284.15","246.64","215.77","224.13","227.06","306.79","272.13","285.63","266.96","256.77"
"RevPAR","Other Oahu","dollar","","","","","","","","","","","","","","","","","","","","","","","","","","","","","","","","","","","","","","","","","","","","","","","","","","","","","","","","","","","","","","","","","","","","","","","","","","","","","","","","","","","","","","","161.52","151.25","143.07","185.56","219.48","207.39","175.08","164.01","159.48","229.11","201.92","204.54","189.27","192.81","175.07","215.44","239.11","219.54","172.86","172.38","183.92","243.13","205.55","217.10","212.34","211.48","195.32","227.29","256.13","234.73","187.81","191.78","189.52","253.65","214.44","225.52","212.02","209.04","193.04","239.34","271.17","255.74","190.88","190.14","183.42","267.24","251.34","230.40","118.47","30.18","43.54","49.78","67.44","76.81","57.70","58.61","63.87","64.33","67.55","81.56","114.65","132.76","156.05","203.48","266.92","238.10","145.17","147.88","181.52","279.85","210.97","220.19","226.27","262.12","236.83","278.78","322.58","291.02","234.96","227.83","240.30","297.20","258.26","252.21","273.86","283.09","259.21","291.58","314.97","279.81","256.86","254.75","248.46","301.66","270.44","269.83","278.96","277.49","254.21","309.26","343.19","295.47","202.90","238.24","254.10","303.26","281.19","296.02","288.23","282.63","256.82","295.63","328.85","280.75","222.89","237.89","242.44","343.99","283.15","282.88","279.62","275.27"
"RevPAR","Lahaina/Kaanapali/Kapalua","dollar","","","","","","","","","","","","","","","","","","","","","","","","","","","","","","","","","","","","","","","","","","","","","","","","","","","","","","","","","","","","","","","","","","","","","","","","","","","","","","","","","","","","","","","242.93","201.33","177.59","214.46","241.78","212.79","183.54","187.58","185.40","259.27","256.39","262.72","249.25","227.16","205.37","231.82","260.28","216.74","182.96","193.92","193.56","280.06","283.54","295.88","277.25","237.96","210.50","250.04","283.72","222.22","186.83","184.95","200.11","267.00","274.62","285.27","275.88","250.88","221.03","266.81","296.95","248.73","192.26","208.49","215.29","318.69","302.77","324.29","170.82","4.15","4.10","1.90","6.02","4.31","9.77","15.72","50.97","91.25","68.60","104.45","179.75","251.00","267.30","357.21","446.52","374.89","257.86","261.47","290.32","411.44","315.55","358.25","424.23","404.64","345.27","422.48","453.21","384.00","331.65","324.41","315.99","409.56","396.64","422.56","418.11","361.76","320.82","391.43","408.91","233.90","354.05","302.89","312.26","347.49","343.55","355.05","340.54","291.04","251.02","256.97","269.65","204.00","188.90","203.18","225.42","305.08","277.77","319.39","305.75","262.40","223.53","291.90","308.45","241.46","211.14","228.27","244.94","353.21","304.19","354.65","293.55","297.40"
"RevPAR","Statewide- Upscale","dollar","","","","","","","","","","","","","","","","","","","","","","","","","","","","","","","","","","","","","","","","","","","","","","","","","","","","","","","","","","","","","","","","","","","","","","","","","","","","","","","","","","","","","","","140.73","122.50","122.62","138.15","155.66","142.43","133.82","130.61","123.98","159.31","157.83","162.78","151.10","136.05","131.85","152.78","165.89","142.76","128.26","132.66","132.61","164.28","166.84","180.90","162.34","150.74","147.37","163.50","175.34","157.97","140.95","143.26","138.73","170.86","169.96","180.62","160.70","152.47","143.37","162.46","173.65","159.94","140.17","157.63","153.32","194.47","200.12","202.48","104.13","11.19","12.96","19.53","30.15","32.40","25.63","29.03","39.87","55.63","51.34","64.44","95.30","115.87","138.96","191.23","224.82","197.55","139.93","141.98","157.50","223.49","173.88","193.94","204.96","202.18","186.50","217.50","246.67","217.74","192.05","194.44","185.11","225.88","219.81","233.80","224.03","201.57","189.48","217.14","217.25","202.65","215.23","211.43","194.39","216.02","224.25","237.69","211.04","197.09","183.36","191.05","199.67","179.44","159.91","170.11","158.32","191.61","190.61","206.45","180.94","165.47","152.41","163.46","173.19","161.68","146.76","154.20","143.99","193.85","181.57","193.96","169.24","159.35"
"RevPAR","Oahu- Luxury","dollar","","","","","","","","","","","","","","","","","","","","","","","","","","","","","","","","","","","","","","","","","","","","","","","","","","","","","","","","","","","","","","","","","","","","","","","","","","","","","","","","","","","","","","","319.90","292.66","272.06","333.52","359.72","372.74","316.23","306.48","294.71","430.75","377.21","343.50","309.48","308.64","285.77","358.31","406.39","404.82","315.06","324.14","317.63","426.67","369.02","357.95","352.05","328.14","307.83","342.17","397.45","403.99","315.29","316.12","309.31","438.65","362.02","355.59","331.49","330.66","304.05","380.74","435.97","443.70","333.82","331.78","336.94","478.50","432.90","378.72","161.71","","","","","","","","49.59","73.62","64.26","88.63","152.18","204.94","230.04","372.01","424.12","365.28","198.61","180.03","268.98","424.17","259.76","272.15","314.99","406.93","327.73","393.83","464.60","415.03","339.78","325.25","348.01","488.73","431.17","384.23","400.80","423.08","378.61","423.13","491.67","519.54","410.58","400.68","414.35","541.49","433.37","418.59","417.98","401.30","358.59","437.98","512.10","467.89","339.40","351.95","390.27","553.54","483.64","461.01","338.30","332.65","381.28","439.83","508.61","477.58","346.40","368.27","402.19","605.29","362.30","354.62","334.90","321.20"
"RevPAR","Other Maui CTY","dollar","","","","","","","","","","","","","","","","","","","","","","","","","","","","","","","","","","","","","","","","","","","","","","","","","","","","","","","","","","","","","","","","","","","","","","","","","","","","","","","","","","","","","","","343.23","290.15","233.99","281.59","297.79","289.84","216.10","228.81","264.98","431.79","350.81","357.41","371.76","339.96","274.16","308.85","343.70","311.41","234.27","254.66","289.17","457.19","422.81","430.15","418.18","362.38","320.64","350.94","383.92","323.39","252.52","258.51","305.67","456.03","393.97","403.33","411.59","378.26","321.30","383.84","438.00","379.88","282.50","303.74","328.36","533.16","450.51","473.94","226.72","24.04","30.52","32.85","48.38","33.88","43.03","55.98","105.10","177.28","134.19","185.29","286.02","358.25","367.58","437.35","573.18","513.82","325.61","321.74","412.73","604.25","451.35","454.33","511.67","486.21","405.23","485.29","528.85","466.28","371.99","366.74","391.72","535.87","467.26","514.72","497.58","443.37","366.60","451.97","482.90","366.86","313.40","375.96","375.82","505.24","465.55","458.52","471.98","458.18","360.00","401.46","434.43","374.51","295.46","310.92","381.58","556.68","469.86","520.38","486.94","418.13","366.95","423.41","443.05","386.44","295.40","346.02","388.54","589.18","481.21","526.70","478.63","455.70"
"RevPAR","Statewide- Upper Midscale","dollar","","","","","","","","","","","","","","","","","","","","","","","","","","","","","","","","","","","","","","","","","","","","","","","","","","","","","","","","","","","","","","","","","","","","","","","","","","","","","","","","","","","","","","","117.66","108.65","112.00","123.46","144.37","127.08","124.71","116.63","107.31","133.73","134.83","137.53","125.26","117.99","118.79","136.12","147.76","130.16","122.36","118.97","116.07","142.55","142.79","152.55","132.32","125.25","126.04","143.75","153.09","136.62","126.22","119.99","114.99","148.55","137.63","148.55","125.73","124.30","131.84","146.76","153.95","149.76","134.35","124.34","127.94","160.17","161.04","154.73","75.22","17.06","24.28","29.12","41.45","41.38","35.36","36.32","39.01","43.17","42.89","49.18","66.90","79.55","103.71","127.69","158.16","138.25","92.41","90.42","94.58","167.54","181.28","168.33","172.96","169.43","159.35","176.52","213.35","185.75","168.75","157.77","137.92","184.22","186.54","204.46","185.96","161.72","150.25","168.72","169.23","166.66","176.29","174.03","161.73","195.31","181.05","188.34","164.64","155.60","140.45","149.90","158.47","146.42","127.94","135.08","127.65","154.41","152.42","171.99","148.28","139.93","130.42","136.37","146.63","134.34","122.39","129.39","118.80","156.23","154.00","161.29","143.24","137.43"
"RevPAR","Oahu- Upper Upscale","dollar","","","","","","","","","","","","","","","","","","","","","","","","","","","","","","","","","","","","","","","","","","","","","","","","","","","","","","","","","","","","","","","","","","","","","","","","","","","","","","","","","","","","","","","205.89","206.56","209.61","239.72","259.62","253.13","234.48","223.37","219.78","244.75","239.19","228.51","206.31","211.34","210.07","242.18","261.56","250.22","220.07","222.30","215.50","241.75","227.24","230.13","215.88","218.15","216.15","243.65","257.46","240.14","213.71","209.69","193.81","238.35","224.07","222.46","204.63","205.72","211.05","238.50","253.54","250.71","210.39","207.46","206.31","253.84","234.90","223.62","95.67","6.10","13.78","24.15","39.11","39.98","30.19","28.18","34.96","36.36","31.41","42.79","68.29","86.91","114.91","183.09","229.97","190.46","116.10","105.30","119.72","222.72","163.31","177.98","192.27","208.40","197.48","234.51","281.56","246.95","212.35","196.63","199.14","248.46","217.06","219.99","233.31","229.95","223.84","264.54","281.31","259.42","241.58","235.02","228.64","257.76","241.16","255.24","243.22","223.86","234.45","278.61","296.05","267.64","213.80","217.43","201.48","255.03","234.83","241.44","226.60","229.96","214.67","247.86","274.71","247.82","212.73","220.78","218.35","282.98","231.77","229.13","226.99","222.32"
"RevPAR","Maui CTY- Luxury","dollar","","","","","","","","","","","","","","","","","","","","","","","","","","","","","","","","","","","","","","","","","","","","","","","","","","","","","","","","","","","","","","","","","","","","","","","","","","","","","","","","","","","","","","","494.37","418.64","330.42","411.04","468.53","452.23","301.56","320.36","377.99","650.20","484.66","480.82","520.87","485.41","382.08","445.29","508.43","452.35","303.49","331.28","394.35","673.22","582.97","569.65","589.31","505.54","439.31","505.59","563.60","467.77","336.57","359.98","421.15","663.17","535.31","547.68","579.77","541.59","438.35","549.93","633.17","543.66","377.47","402.61","434.45","751.90","591.18","608.35","278.26","","","","","21.46","","56.96","129.97","245.92","174.31","239.48","374.40","438.94","441.50","616.07","737.87","646.07","367.65","351.76","494.53","768.14","519.72","589.22","668.74","628.29","524.65","656.97","695.60","610.76","444.58","435.70","508.01","750.29","601.99","637.46","635.49","571.42","464.61","611.46","677.67","382.10","308.10","376.76","425.49","612.96","563.82","526.12","587.99","557.16","449.27","525.26","580.49","486.53","364.21","401.04","533.30","793.02","653.27","706.20","704.99","616.97","534.53","662.92","682.41","592.98","412.13","501.80","576.31","921.11","697.01","748.56","662.14","690.72"
"RevPAR","Statewide- Midscale & Economy","dollar","","","","","","","","","","","","","","","","","","","","","","","","","","","","","","","","","","","","","","","","","","","","","","","","","","","","","","","","","","","","","","","","","","","","","","","","","","","","","","","","","","","","","","","109.10","99.58","101.09","110.22","126.59","114.23","110.97","104.56","93.68","122.34","125.09","135.52","115.91","105.71","107.66","119.23","128.93","113.40","108.09","109.60","110.92","140.49","146.87","154.39","137.06","130.42","127.86","137.66","141.21","123.33","118.65","102.59","113.36","142.75","162.04","154.22","149.63","123.37","135.51","142.43","154.55","145.59","131.18","121.34","135.26","174.70","178.52","177.47","92.78","20.58","29.52","","40.45","42.33","41.70","38.10","47.00","57.82","52.46","64.85","92.95","147.96","163.87","122.14","235.24","206.15","158.82","169.38","180.15","246.56","216.68","172.03","168.09","164.95","163.76","178.39","212.56","186.55","171.84","167.51","141.91","182.44","206.39","215.65","199.13","180.86","173.03","195.69","207.36","186.54","182.60","174.47","168.86","209.39","172.38","197.64","175.11","173.62","162.59","184.92","200.85","172.24","143.98","148.32","147.60","194.86","179.35","192.08","184.40","172.53","163.32","175.16","188.35","170.47","144.36","148.21","139.90","205.08","184.47","192.30","175.97","169.74"
"RevPAR","Oahu- Upscale","dollar","","","","","","","","","","","","","","","","","","","","","","","","","","","","","","","","","","","","","","","","","","","","","","","","","","","","","","","","","","","","","","","","","","","","","","","","","","","","","","","","","","","","","","","144.70","136.10","144.63","156.65","183.61","166.82","157.95","144.47","137.97","170.22","157.95","158.38","143.14","136.11","137.36","166.84","180.90","155.17","137.43","134.72","138.51","167.21","155.27","169.84","153.49","153.07","159.89","184.62","195.63","184.02","161.46","162.88","155.31","190.53","154.20","168.03","146.40","145.76","150.84","170.60","182.84","174.96","155.25","166.06","160.14","196.52","194.49","188.21","89.47","15.95","21.75","26.87","45.78","51.81","38.00","39.31","42.94","58.32","53.38","63.05","86.25","95.78","118.50","158.70","183.99","162.73","109.44","107.78","117.86","182.79","148.82","153.97","158.82","160.87","161.84","187.44","222.79","197.23","169.00","163.31","156.71","192.09","165.93","171.79","169.68","161.77","163.71","192.27","198.28","185.42","171.24","169.23","153.76","164.23","179.70","195.15","179.51","172.05","176.27","198.42","214.42","187.32","162.28","167.79","148.97","185.92","172.21","182.04","164.20","166.00","161.30","171.22","177.95","166.70","143.69","149.68","132.13","190.85","168.12","164.98","150.84","148.97"
"RevPAR","Maui CTY- Upper Upscale & Upscale","dollar","","","","","","","","","","","","","","","","","","","","","","","","","","","","","","","","","","","","","","","","","","","","","","","","","","","","","","","","","","","","","","","","","","","","","","","","","","","","","","","","","","","","","","","226.59","186.66","163.12","197.06","206.20","183.02","167.17","171.89","172.28","235.97","240.16","252.00","238.80","216.03","193.95","215.66","238.72","202.82","178.37","190.01","188.32","261.67","268.74","287.89","261.79","226.05","202.09","230.67","258.95","205.90","178.32","180.60","190.17","247.34","261.57","280.71","263.73","245.94","213.51","253.39","282.14","235.83","187.04","211.97","209.51","300.34","294.32","321.14","171.73","6.51","7.35","10.56","15.68","14.26","15.45","21.87","50.49","82.28","67.59","103.24","172.36","228.44","251.59","342.94","412.61","350.36","242.71","243.88","267.91","379.97","285.59","337.34","404.96","389.65","329.53","405.82","439.38","371.03","325.77","323.61","315.00","377.15","377.27","415.50","404.87","352.53","312.06","369.63","379.07","270.44","355.74","329.59","316.30","353.93","343.26","360.96","336.04","299.13","251.06","256.10","267.77","212.85","195.39","202.50","214.97","293.90","268.79","312.36","290.79","250.75","216.76","260.03","277.45","220.39","203.17","216.15","230.63","319.51","291.97","340.19","291.12","274.16"
"RevPAR","Oahu- Upper Midscale","dollar","","","","","","","","","","","","","","","","","","","","","","","","","","","","","","","","","","","","","","","","","","","","","","","","","","","","","","","","","","","","","","","","","","","","","","","","","","","","","","","","","","","","","","","111.83","106.73","113.01","125.27","148.72","130.33","129.49","118.19","108.36","129.30","127.15","128.93","118.64","115.01","117.27","137.22","149.93","130.89","122.75","115.19","113.35","135.29","128.21","136.32","118.96","116.69","120.36","142.39","151.69","136.34","124.93","119.21","109.70","141.81","129.85","142.89","120.54","121.68","129.70","144.92","151.60","148.11","133.46","122.25","125.21","155.04","152.83","144.03","68.41","14.10","21.05","28.27","39.38","41.15","34.43","34.36","35.22","36.77","38.57","43.40","58.13","67.34","92.00","116.26","141.05","122.85","80.57","75.63","76.74","150.15","106.67","106.16","108.72","112.87","114.47","129.66","175.93","151.09","125.50","109.02","99.42","129.79","122.57","135.62","125.46","116.98","113.10","135.82","140.30","133.41","121.11","116.96","108.32","139.72","138.98","153.25","127.26","116.94","120.30","148.09","162.99","142.22","121.91","129.45","115.32","137.17","130.58","145.76","128.95","129.17","135.13","131.55","145.38","131.91","116.93","114.55","95.71","142.36","130.04","126.28","118.47","116.91"
"RevPAR","Oahu- Midscale & Economy","dollar","","","","","","","","","","","","","","","","","","","","","","","","","","","","","","","","","","","","","","","","","","","","","","","","","","","","","","","","","","","","","","","","","","","","","","","","","","","","","","","","","","","","","","","94.17","92.46","97.53","111.51","131.91","115.28","114.16","98.38","85.97","107.56","103.16","116.15","97.58","95.71","99.56","117.85","129.76","111.53","101.93","95.92","101.74","126.21","117.64","127.36","110.73","112.59","114.20","133.80","136.46","120.94","110.43","104.67","98.26","122.50","117.30","130.98","111.15","106.27","112.50","126.64","137.00","132.76","120.05","112.83","113.16","145.47","139.44","129.31","70.42","21.96","24.74","","","56.71","41.83","40.06","34.01","38.45","39.11","43.14","50.69","57.91","75.03","92.43","115.60","90.95","54.18","52.25","57.23","110.87","107.64","116.59","109.06","104.99","115.33","126.01","172.37","150.29","127.91","121.31","110.29","137.40","114.46","131.21","119.90","111.68","120.16","131.95","140.75","133.23","125.36","108.64","102.99","123.14","121.67","142.02","115.06","114.75","122.46","140.15","153.80","134.32","111.81","111.48","103.36","131.07","123.48","132.75","115.83","109.67","122.00","120.35","134.52","125.42","110.18","107.41","96.21","142.34","116.63","116.94","108.60","100.56"

"Data is updated monthly by the Research & Economic Analysis Division, State of Hawaii Department of Business, Economic Development and Tourism (DBEDT)"
"Source of Data: Hawaii Tourism Authority"
"Seasonally adjusted series are from DBEDT"
"Hotel performance data prior to March 2017 are from Hospitality Advisors, LLC."